time,x,y,z,phi,theta,psi,vx,vy,vz,wx,wy,wz,xdot,ydot,zdot,phidot,thetadot,psidot,vxdot,vydot,vzdot,wxdot,wydot,wzdot,fx,fy,fz,tauz,x_error,y_error,z_error,psi_error
0.0,1.0,0.0,0.0,0.0,0.0,1.5707963267948966,0.0,0.0,0.0,0.0,0.0,0.0,0.0,0.0,0.0,0.0,0.0,0.0,0.0,0.0,0.0,0.0,0.0,0.0,1.450371474048258,0.04556476367846216,-0.7499,1.8287210836546184,0.0,0.0,0.0,0.0
0.05,1.0,0.0,0.0,0.0,0.0,1.5707963267948966,0.15707963267948966,0.004934802200544689,-0.05,-9.056171455482762e-05,0.0028826689052556063,0.15707963267948966,0.0,0.0,0.0,0.0,0.0,0.0,3.141592653589793,0.09869604401089377,-1.0,-0.0018112342910965524,0.057653378105112126,3.141592653589793,0.917937514855227,0.09937567996663431,-0.7900042533586216,1.9216965182376078,0.00012336751833941229,-0.015707317311820675,0.005,-0.015707963267948877
0.1,0.9997532598899728,0.007853981633974483,-0.0025000000000000005,-4.528085727741381e-06,0.00014413344526278032,1.578650308428871,0.2563536567372513,0.01445768179544091,-0.10250000000000001,-0.00028196290848013804,0.004513321297390767,0.32201324699295375,-0.004934802200544652,0.15707963267948966,-0.05000000000000001,-9.056171455482762e-05,0.0028826689052556063,0.15707963267948877,1.985480481155233,0.1904575918979244,-1.05,-0.003828023878506208,0.03261304784270322,3.298672286269282,0.4577623234270702,0.1238508328781975,-0.4358979443719397,1.0546705552149196,0.00024669952424116737,-0.02355677744415381,0.0075,-0.023561944901923537
0.15000000000000002,0.9989297582933555,0.020664853070846576,-0.007626850676775194,-1.630558734751523e-05,0.0003698724153093976,1.5947509699237594,0.3058946272860935,0.02372726332543832,-0.13119995451759972,-0.0004913690558976274,0.004772783976108193,0.412334053159797,-0.016470031932345197,0.2562174287374418,-0.10253701353550387,-0.00023555003239547696,0.004514779400932345,0.3220132298977685,0.9908194109768442,0.1853916305999482,-0.5739990903519943,-0.0041881229483497874,0.0051892535743485076,1.8064161233368647,0.28133555068123417,0.08893474735461016,-0.041969354895846016,0.09319133740647322,3.988333138549294e-05,-0.02644159763879609,0.007373149323224809,-0.02316924667498399
0.2,0.9973775557766406,0.03592435605047109,-0.014192524396510047,-3.324849162707457e-05,0.0006088477815290762,1.6153676700980963,0.33654292394875096,0.027027884316580597,-0.13353309164416985,-0.0005908843519606525,0.004337621464575121,0.4199917119542917,-0.031044050334299023,0.3051900595924903,-0.13131347439469704,-0.00033885808559118685,0.004779507324393572,0.41233400348673843,0.612965933253149,0.06601241982284553,-0.04666274253140257,-0.0019903059212605023,-0.008703250230661427,0.15315317588989408,0.197515973198434,0.011001840594075267,0.18554979381725195,-0.4610648778640636,-0.0006491726516310026,-0.026866163478842284,0.005807475603489954,-0.018260509768596167
0.25,0.995278146509998,0.052670522776329276,-0.02087946783933461,-5.000716093850895e-05,0.0008264270591837444,1.6363672523654618,0.3581521153471119,0.02112486253999521,-0.12068867083479483,-0.0005230796612462711,0.003616082168849547,0.38003459147317026,-0.04198818533285076,0.3349233345171637,-0.13373886885649128,-0.00033517338622868757,0.004351585553093364,0.4199916453473085,0.43218382796721855,-0.11806043553170775,0.2568884161875004,0.0013560938142876278,-0.014430785914511489,-0.7991424096224287,0.11632855837467632,-0.05718922172189796,0.21689885181456633,-0.5368345393602101,-0.0016391872231299454,-0.025788572951515668,0.00412053216066539,-0.01296889076917962
0.30000000000000004,0.9930514245115825,0.07046547315110432,-0.026928751460814186,-6.045760442655775e-05,0.0010081813899486558,1.6553689793627766,0.37076289550247415,0.008104294372366443,-0.1058003642881013,-0.0003458077866944886,0.002775037801345663,0.33360280326181074,-0.04453443996831119,0.35589900749550096,-0.1209856724295915,-0.00020900886976097597,0.003635086615298227,0.38003453994629677,0.25221560310724533,-0.2604113633525753,0.29776613093387055,0.003545437491035651,-0.01682088735007767,-0.9286357642271903,0.04024183589144635,-0.06666586454027841,0.12963208333694468,-0.32387277247194307,-0.0025105400914975373,-0.02364284016741,0.0030712485391858196,-0.009675127039813658
0.35000000000000003,0.9910824763116763,0.08889783420503716,-0.032237481284784805,-6.0931389657457454e-05,0.0011479417210775067,1.6720491195838707,0.37483767601185725,-0.005307806006170467,-0.09678671618790607,-0.00019142496485712938,0.00188132839805098,0.3055026417823477,-0.03937896399812235,0.3686472210786568,-0.10617459647941238,-9.475704617994106e-06,0.002795206622577019,0.33360280442188195,0.08149561018766183,-0.2682420075707382,0.18027296200390452,0.003087656436747184,-0.01787418806589366,-0.5620032295892607,-0.009637769502416599,-0.0073607556370070375,0.021085463281215695,-0.059528430871630844,-0.002878479143503365,-0.02083647688600812,0.002762518715215198,-0.00870295008666866
0.4,0.989452936279681,0.10756504429371361,-0.037098312311662815,-5.2967675389985817e-05,0.0012429388758302539,1.6873242559775936,0.37327845305447294,-0.011823379618646355,-0.09504940215481196,-0.00018873612357986962,0.0009612315176909762,0.3001322280423462,-0.032590800639906714,0.3733442017735289,-0.0972166205375602,0.00015927428534943274,0.0018999430950549434,0.3055027278744582,-0.031184459147686194,-0.13031147224951775,0.03474628066188229,5.377682554519509e-05,-0.018401937607200075,-0.10740827480003046,-0.025944972532708277,0.08814739478321962,-0.04722902693810329,0.10650899247725087,-0.00266176503479687,-0.01776818927059065,0.002901687688337186,-0.009135776960894626
0.45,0.9878710850018864,0.12616527374119132,-0.04187394553794363,-4.375217444783815e-05,0.0012917953169684618,1.7023308764047902,0.3698509365027456,-0.007863024692113712,-0.0978832524863183,-0.000390922166068814,2.8564090852894455e-05,0.3090282679532237,-0.03163702555589287,0.37200458894955435,-0.0955126645256163,0.00018431001884295332,0.0009771288227641579,0.30013240854393164,-0.068550331034547,0.07920709853065286,-0.0566770066301267,-0.004043720849778888,-0.018653348536761635,0.17792079821755014,-0.01892579986124146,0.1670443889714879,-0.061951545941838417,0.14193967582055464,-0.002152572714671175,-0.014735958196391341,0.0031260544620563685,-0.009837119801647143
0.5,0.9858364827209067,0.1445433873302736,-0.046791975451581744,-4.333820828076737e-05,0.0012938995544439639,1.7177823026173424,0.3672370357705691,0.004526206581639708,-0.1017004075400637,-0.0007411380582667964,-0.0009076382037682895,0.32096016958478296,-0.0406920456195925,0.3675622717816457,-0.09836059827276228,8.279323341415552e-06,4.2084749510042097e-05,0.3090285242510449,-0.05227801464352977,0.24778462547506838,-0.07634310107490799,-0.0070043178439596464,-0.01872404589242368,0.23863803263118544,-0.0049334635762317,0.18593740867607123,-0.04149060774868053,0.0917658832852776,-0.0018518578742310332,-0.01189107770995726,0.003208024548418259,-0.010093656857043776
0.55,0.982924569728629,0.16266760690839394,-0.05190075976029512,-5.9630586059978064e-05,0.0012492131362319145,1.7338303264818884,0.36632887062369074,0.01877138487847827,-0.10415148461374153,-0.0010984154821882903,-0.0018436152278355478,0.32857230440898383,-0.05823825984555553,0.3624843915624065,-0.10217568617426759,-0.0003258475555842138,-0.0008937283642409871,0.32096047729091914,-0.018163302937567183,0.28490356593677124,-0.04902154147355675,-0.007145548478429879,-0.018719540481345165,0.15224269648401734,0.0046299198642123784,0.13363477802977705,-0.012273635379733997,0.020404759394565892,-0.002184756426144907,-0.009261493371015617,0.003099240239704884,-0.009753596260446695
0.6000000000000001,0.9790268194575182,0.18058243824549874,-0.057131267021734704,-9.402850072019231e-05,0.0011580120229571942,1.7502589599886365,0.3666857238705824,0.027213644726491206,-0.10465665127020764,-0.001314599991079904,-0.002779350993508222,0.3300484039461216,-0.07795500542221445,0.35829662674209617,-0.10461014522879161,-0.0006879582932042849,-0.0018240222654944058,0.32857267013496116,0.007137064937833282,0.16884519696025868,-0.0101033331293221,-0.004323690177832273,-0.018714715313453485,0.029521990742755744,0.006431531764218179,0.03752590454580355,0.007595661119651486,-0.028087461106976398,-0.003260431271170483,-0.0067988763402258845,0.002868732978265308,-0.009032926021647736
0.65,0.9744168722273736,0.1983735015898227,-0.06238545531544386,-0.00014064847568852557,0.001020596171723235,1.7667614042447213,0.36737007401414074,0.025206211758706232,-0.10384551378954857,-0.0013173894736242956,-0.0037154632847342557,0.32735797829196867,-0.09219894460289257,0.3558212668864791,-0.10508376587418308,-0.0009323994993666652,-0.002748317024679186,0.3300488851216965,0.013687002871166642,-0.04014865935569947,0.01622274961318143,-5.578965088783201e-05,-0.01872224582452067,-0.053808513083059006,0.0028302990001579653,-0.0506509217506061,0.013006707498897974,-0.04133308571308597,-0.00480593839439214,-0.004413793766689794,0.0026145446845561443,-0.008238445033511788
0.7000000000000001,0.9696058430468165,0.21613997174294114,-0.06759665233135755,-0.00018981290209662887,0.000837125129348976,1.7831293376506916,0.3676191628774157,0.013689715053945336,-0.10268690368258389,-0.0011502456792904753,-0.004651229399571708,0.32353207261422023,-0.09622058361114183,0.3553294030623688,-0.10422394031827376,-0.000983288528162066,-0.0036694208474851797,0.3273586681194063,0.004981777265499199,-0.23032993409521793,0.023172202139293552,0.0033428758866764063,-0.018715322296749045,-0.07651811355496863,-0.0018777214188433478,-0.08300209356663694,0.00813800886184161,-0.029553952380091945,-0.006310918891930917,-0.002003269653601425,0.002403347668642461,-0.007578474895490572
0.75,0.9650649662850517,0.23395987690078068,-0.0727465127083225,-0.00023378330478167456,0.0006076341916226361,1.7993059908012818,0.36715917286392097,-0.0012517338760966203,-0.1018677713456529,-0.0009483526887386218,-0.005584210504229375,0.3207211666967051,-0.0908175352352969,0.3563981031567909,-0.10299720753929903,-0.0008794080537009137,-0.004589818754526798,0.32353306301180496,-0.009199800269894531,-0.2988289786008391,0.016382646738619666,0.0040378598110370695,-0.018659622093153347,-0.05621811835030299,-0.004455294970690721,-0.0417338876322981,8.964240459529484e-05,-0.010041916314250646,-0.007304954112624884,0.0005145130448752921,0.0022534872916775,-0.007109785012849201
0.8,0.9609692294229731,0.25185205132004473,-0.07785104048708014,-0.0002714568412793719,0.0003321726367202815,1.815342116933077,0.3661713701559526,-0.011648257728592473,-0.10159888017196086,-0.0008659904619608813,-0.0065111244364171855,0.31958863072798166,-0.08191473724157072,0.357843488385281,-0.10209055557515279,-0.0007534707299539469,-0.00550923109804709,0.3207225226359034,-0.019756054159367764,-0.20793047704991705,0.005377823473840804,0.0016472445355548092,-0.018538278643756203,-0.022650719374468498,-0.0040535075016420175,0.05135540626089338,-0.0058729524812585,0.004396065779484567,-0.007613931705657939,0.0031621641551899393,0.002148959512919865,-0.006781622149002908
0.8500000000000001,0.9571032696929829,0.2697555992493251,-0.08293690753366571,-0.000309448405115444,1.0954152851385768e-05,1.8313216371367653,0.3650545417703403,-0.011914322340575408,-0.1017389501812974,-0.000994373798770641,-0.007429393925123849,0.3196972114871597,-0.0773191945998053,0.3580709585856068,-0.10171734093171153,-0.0007598312767214419,-0.006424369677377915,0.31959040407376627,-0.02233656771224557,-0.005321292239658694,-0.0028014001867307514,-0.002567666736195194,-0.018365389774133278,0.0021716151835604602,-0.0018213497379200305,0.14681164472340502,-0.007962011943836889,0.009405039656340477,-0.007454148764815205,0.005882549283952154,0.002063092466334293,-0.006510065213263694
0.9,0.9529787320154538,0.28754618542789356,-0.08802387039862974,-0.00035899199319712553,-0.00035556903608736744,1.847306611897444,0.36416881926790695,-0.0018246347482875572,-0.10202799849742343,-0.0013127944830825555,-0.008338419105576145,0.32023595113531,-0.08249075355058144,0.3558117235713698,-0.10173925729928063,-0.0009908717616336307,-0.007330463778775064,0.3196994952135723,-0.017714450048667008,0.201793751845757,-0.005780966322520564,-0.006368413686238289,-0.018180503609045908,0.01077479296300643,0.00040294247039351916,0.19393871103297072,-0.00707665867798241,0.007159938841460688,-0.007314953661489265,0.008555079388664288,0.0019761296013702523,-0.006233053720533954
0.9500000000000001,0.9480968577816196,0.30509011043165424,-0.09311876256316946,-0.00043032506986608466,-0.0007667418575046713,1.8633185591059187,0.36367865864089777,0.013364300706666757,-0.10226677412654304,-0.0016990409954269457,-0.009239784955762628,0.3205813923413171,-0.09763748467668476,0.3508785000752135,-0.10189784329079438,-0.0014266615333791827,-0.008223456428346076,0.3202389441694953,-0.009803212540183681,0.3037787090990863,-0.004775512582392283,-0.007724930246887805,-0.018027317003729663,0.006908824120142043,0.001302093562730977,0.16767990521547219,-0.005102784650554082,0.002248917538450811,-0.007696157016710559,0.011049785199350237,0.001881237436830538,-0.005929069780008289
1.0,0.9422143381833522,0.3223132741552144,-0.09821844446144687,-0.0005275674319527484,-0.0012218333522273298,1.8793478307561535,0.36352233417249064,0.025696265475966415,-0.10238235478769785,-0.0019940888675405834,-0.0101363167592768,0.32050470619576704,-0.1176503919653471,0.34446327447120284,-0.10199363796554811,-0.001944847241733274,-0.009101829894453172,0.32058543300469644,-0.0031264893681426376,0.24663929538599313,-0.002311613223096032,-0.005900957442272754,-0.017930636070283452,-0.0015337229110012895,0.0006355130352583838,0.08194118373686234,-0.0035491968276625697,-0.0016454724527313494,-0.008842178111801324,0.013296279780266984,0.0017815555385531368,-0.005607761397722344
1.05,0.9354711761813004,0.339247610442061,-0.10331602731235064,-0.0006468523760206911,-0.0017201947278141635,1.8953733431773845,0.3634840600954886,0.028734388891868926,-0.10240307398644252,-0.0020866916965035192,-0.0110305217823161,0.3200935724924987,-0.13486324004103656,0.3386867257369319,-0.10195165701807535,-0.0023856988813588547,-0.009967227511736673,0.32051024842461917,-0.0007654815400404136,0.06076246831805021,-0.0004143839748935174,-0.0018520565792587169,-0.017884100460786,-0.008222674065366808,-0.0008855492504784568,-0.01771980989755717,-0.003010624128518208,-0.0030673778031455362,-0.010614182646244918,0.015330192243911578,0.0016839726876493738,-0.005290212244440262
1.1,0.9283139153852056,0.35602405914029134,-0.10840583855622156,-0.0007787187597223985,-0.0022613680378719228,1.9113783988896564,0.3633216760843486,0.020984448017204373,-0.10239752665359024,-0.001972578125187697,-0.011923214992539274,0.3195606490417538,-0.143145215921896,0.33552897396460724,-0.10179622487741846,-0.002637327674034147,-0.010823466201155185,0.3201011142454391,-0.0032476802227998647,-0.15499881749329106,0.00011094665704564077,0.0022822714263164446,-0.017853864204463478,-0.010658469014898087,-0.0021573661501190222,-0.07827295697476402,-0.0033150101837031423,-0.0024271302003508813,-0.012566853569019876,0.017286138894999914,0.0015941614437784551,-0.004993119800117407
1.1500000000000001,0.9212567435072126,0.3728084151166628,-0.1134854371263017,-0.000913480978335284,-0.0028450862143857133,1.9273569315940706,0.3628895924441121,0.00669731169665121,-0.10242277620649695,-0.0017567073548887047,-0.012813028908922114,0.3190831688355212,-0.1411434375598586,0.33568711952742913,-0.10159197140160281,-0.0026952443722577115,-0.011674363530275811,0.31957065408828367,-0.00864167280473005,-0.28574272641106324,-0.0005049910581342298,0.004317415405979846,-0.017796278327656782,-0.009549604124652333,-0.0023404507170313726,-0.06741940438242063,-0.003961595644617446,-0.0009248755923701165,-0.014187287322654618,0.019333571337405597,0.001514562873698319,-0.0047225503636523225
1.2000000000000002,0.9146088742130618,0.38970999218334323,-0.11855523642628413,-0.0010467090708731965,-0.003471163574301778,1.9433117331753724,0.3622021589380321,-0.0063831949848337476,-0.10250173265385731,-0.0015975004892132053,-0.01369707553149076,0.3187351280652963,-0.13295738588301687,0.3380315413336088,-0.10139598599964855,-0.0026645618507582488,-0.012521547198321298,0.31909603162603606,-0.013748670121600526,-0.26161013362969915,-0.0015791289472072423,0.003184137313509989,-0.017680932451372942,-0.006960815404497556,-0.0012900157233222687,0.00922215471902139,-0.004513811136475147,0.0003921443284203876,-0.01516761167518954,0.02158543949866526,0.001444763573715896,-0.004475712050299396
1.25,0.9083133607672543,0.4067125952623345,-0.12361709228935505,-0.001181905863817685,-0.004139335831271876,1.9592492937065633,0.36141314375108935,-0.011131294500034285,-0.1026274994162221,-0.0016226657668043315,-0.01457242018867197,0.3185005068724927,-0.12591026891614954,0.34005206157982526,-0.10123711726141849,-0.0027039358588897694,-0.013363445139401957,0.3187512106238177,-0.01578030373885486,-0.09496199030401074,-0.002515335247295636,-0.0005033055518225251,-0.017506893143624178,-0.004692423856071937,0.0004262574441443179,0.1110769895893956,-0.004784580362725645,0.0010541982348236817,-0.015566171744032409,0.024029162897244716,0.0013829077106449483,-0.004246114787057387
1.3,0.9019816969248073,0.4236695302148345,-0.12867296160899047,-0.0013289620752815218,-0.004849134455346631,1.9751753055273404,0.3607278853994734,-0.004825193982124321,-0.10278054639066082,-0.0018612109932755272,-0.01543758061269479,0.31832295089134455,-0.12663327684893977,0.33913869905000005,-0.1011173863927084,-0.002941124229276738,-0.014195972481495095,0.3185202364155426,-0.0137051670323185,0.12612201035819925,-0.003060939488774561,-0.004770904529423914,-0.01730320848045641,-0.0035511196229631725,0.0018878391811666395,0.18412696837562914,-0.004814103324017691,0.0011190415478268257,-0.0157729287591738,0.02652163958005388,0.001327038391009533,-0.004028066234229133
1.35,0.8951036747773935,0.4403715572264432,-0.13372414279148986,-0.0014992076754559414,-0.005599860854113083,1.9910926519552028,0.3602947810015893,0.009401321584287692,-0.10294407214484164,-0.002227744492759606,-0.016293248987349022,0.31815111414757985,-0.13756044294827685,0.33404054023217444,-0.10102362364998785,-0.0034049120034883914,-0.015014527975329046,0.3183469285572471,-0.00866208795768264,0.28453031132824025,-0.0032705150836162544,-0.007330669989681574,-0.017113367493084633,-0.0034367348752939453,0.0023376944781708375,0.18956960230993575,-0.004741639142257993,0.0008956142238080997,-0.016299601858051793,0.0288571986213344,0.001275857208510145,-0.003818683074315876
1.4000000000000001,0.8873193457399939,0.4566558467318464,-0.1387710851210006,-0.0016996826690722558,-0.0063906736672729916,2.007001660573432,0.3601299187118101,0.0242136548399344,-0.10311058538770902,-0.0025675311231084475,-0.01714185362262708,0.3179602305627286,-0.15568658074799124,0.3256857901080634,-0.10093884659021446,-0.004009499872326288,-0.01581625626319817,0.3181801723645883,-0.0032972457955837697,0.2962466651129342,-0.00333026485734772,-0.006795732606976832,-0.016972092705561173,-0.0038176716970250713,0.0015798407176437212,0.12444230127588263,-0.004688200504306396,0.0006796464399329928,-0.01750770672602553,0.030876555166773678,0.0012289148789994264,-0.0036176377240355606
1.4500000000000002,0.8786084012431165,0.47249796668133853,-0.14381348654352932,-0.0019296687752160422,-0.007220743548711493,2.0229014306002404,0.3601112437575544,0.031964027754892335,-0.10328103699274299,-0.002738501744772674,-0.01798619600816075,0.3177509569139069,-0.17421888993754964,0.3168423989898428,-0.10084802845057472,-0.004599722122875728,-0.016601397628770026,0.31799540053616404,-0.0003734990851145259,0.15500745829915868,-0.0034090321006793878,-0.00341941243328453,-0.016886847710673378,-0.0041854729764334575,6.529551449718785e-05,0.02325818206219636,-0.004707108034472484,0.000620763259722539,-0.019419174517499194,0.0325587968254234,0.0011865134564706947,-0.0034258309651762353
1.5,0.86929773238566,0.4880338038246487,-0.14885046565470253,-0.002181328082188561,-0.008089393988809049,2.0387910984702895,0.3600440621235514,0.028752422695745957,-0.10346075088525944,-0.0026867011462468017,-0.018827889655490083,0.3175368016039916,-0.18621337714912922,0.3107167428662039,-0.10073958222346413,-0.005033186139450372,-0.01737300880195112,0.3177933574009817,-0.0013436326800597698,-0.06423210118292756,-0.003594277850328953,0.0010360119705174475,-0.01683387294658667,-0.004283106198306186,-0.0013618253299985672,-0.06025626798060975,-0.004789586466562607,0.0007214749647426316,-0.021708791802707905,0.03404330408510198,0.001149534345297465,-0.0032441263630760275
1.55,0.859885393124195,0.5034937414507218,-0.15388083212869097,-0.0024441162620584935,-0.008996153662257894,2.0546704738233608,0.35976359719659945,0.0165046168715074,-0.10365497447699172,-0.0024750576733555117,-0.01966642960970362,0.31733147728763905,-0.18824678522930016,0.30919875252146123,-0.1006073294797688,-0.005255763597398653,-0.018135193468976907,0.31758750706142536,-0.005609298539038798,-0.2449561164847711,-0.003884471834645631,0.0042328694578258,-0.016770799084270746,-0.00410648632705124,-0.001917859095604213,-0.08166600728239876,-0.0048924903665996085,0.0009057018993824874,-0.02388023696449848,0.03556392719014839,0.0011191678713090292,-0.0030727142779536365
1.6,0.8507764366736842,0.51907949519213,-0.15890355028166556,-0.002710632328201596,-0.009940692493113353,2.070540045810379,0.35922107736959213,0.0019594188246482014,-0.10386565901160458,-0.002250085350654904,-0.02049938291116933,0.31714215014642305,-0.18217912901021593,0.31171507482816496,-0.10045436305949174,-0.005330321322862047,-0.01889077661710918,0.3173914397403621,-0.010850396540146301,-0.29090396093718396,-0.004213690692257133,0.00449944645401215,-0.016659066029314218,-0.003786542824320005,-0.0012951743328955545,-0.02945481828499749,-0.004971640768303686,0.0010913152898465066,-0.025530243370179395,0.03732582109041471,0.0010964497183344468,-0.002911105558884408
1.6500000000000001,0.8420715406556554,0.5348483412476034,-0.16391828074008785,-0.0029807994578443264,-0.010922675137574644,2.086400657019035,0.3585082859995112,-0.00690331273221286,-0.10409092700872069,-0.0021640679440159205,-0.021323596961850617,0.3169689258051081,-0.17409792036057636,0.315376921109467,-0.1002946091684459,-0.005403342592854611,-0.01963965288922582,0.31721222417312234,-0.014255827401619126,-0.1772546311372212,-0.004505359942322262,0.0017203481327796727,-0.016484281013625715,-0.0034644868262989625,0.00017724147200676166,0.0687847047227361,-0.005009933891065985,0.0012307422466025695,-0.02655997378253583,0.039389672815195786,0.0010817192599121561,-0.002758457618177612
1.7000000000000002,0.833519515257434,0.5506697123316231,-0.16892567511902623,-0.0032621511150845227,-0.011941609278926239,2.102253156595415,0.35780783925510545,-0.005101795573609325,-0.10432724463063853,-0.0022939664360356283,-0.022136789112290917,0.316807823483661,-0.17104050796442838,0.31642742168039417,-0.10014788757876758,-0.005627033144803926,-0.02037868282703189,0.3170499915276004,-0.0140089348881145,0.03603034317207069,-0.004726352438356729,-0.0025979698403941556,-0.016263843008805998,-0.0032220464289423045,0.0017123141067652003,0.16092405143111338,-0.005023043089803258,0.0013161842649989795,-0.027222511746509692,0.04162829658125178,0.0010743248809737815,-0.0026139213097464697
1.75,0.8246565046890977,0.566282966859931,-0.17392717059604013,-0.0035660603038916703,-0.012996769187174621,2.118098203911591,0.35729568552886726,0.0066919604595535006,-0.104572052227577,-0.0026001572732163034,-0.022938678631526134,0.3166541958934582,-0.17726021136672543,0.31226509056615726,-0.1000299095402779,-0.006078183776142953,-0.021103198164967654,0.3169009463235195,-0.010243074524763918,0.2358751206632565,-0.004896151938769411,-0.006123816743613501,-0.016037790384704348,-0.0030725518040553013,0.002486605954865384,0.19794525240484498,-0.005038961237448113,0.0013643807508907306,-0.02798365966499461,0.04378440214398216,0.001072829403959863,-0.0024768372615193712
1.8,0.8150555523904967,0.5814306081234488,-0.17892431352578683,-0.0039019056809868036,-0.014087235547865826,2.1339362406928295,0.3570474790141466,0.02249493279449217,-0.10482468655313276,-0.0029470775487106904,-0.0237310568292136,0.31650483750410374,-0.19201904597202057,0.3029528252703573,-0.09994285859493413,-0.006716907541902666,-0.021809327213824087,0.31676073562477036,-0.004964130294413671,0.31605944669877334,-0.00505268651111529,-0.00693840550988774,-0.01584756395374934,-0.0029871677870896285,0.002079098718104244,0.16001028262752748,-0.005073929624216522,0.0013980439717713603,-0.029272373111518424,0.045603813144452165,0.001075686474213161,-0.00234676374822973
1.85,0.8045529032418579,0.5959977411464723,-0.18391789383524482,-0.004272271744880335,-0.01521203091229255,2.1497675627436816,0.35699822415987065,0.034180454837106786,-0.10508584604801673,-0.003174999139226193,-0.024516751564355746,0.3163584963740772,-0.21005298297277486,0.29134266046046964,-0.09987160618915969,-0.007407321277870622,-0.02249590728853449,0.31662644101704274,-0.000985097085518527,0.23371044085229234,-0.005223189897679281,-0.004558431810310053,-0.0157138947028429,-0.0029268226005307874,0.0006936358505320039,0.06709485139501341,-0.005126784300099897,0.0014339530218231956,-0.031254458126412366,0.04697492314834051,0.001082106164755181,-0.002223404965326914
1.9000000000000001,0.7933317333963412,0.6100810209935219,-0.18890730788022606,-0.0046717405022532665,-0.01637027903565753,2.165592411247346,0.356976374487605,0.03579469651255029,-0.10535696547559537,-0.00318490862614224,-0.02529803642943013,0.31621536287101565,-0.22442339691033375,0.281665596940992,-0.09978828089962477,-0.007989375147458636,-0.023164962467299606,0.31649697007329003,-0.0004369934453130053,0.03228483350887004,-0.005422388551572788,-0.0001981897383209353,-0.015625697301487676,-0.0028626700612310874,-0.0009505629046471231,-0.03151621478641137,-0.005186584635541022,0.0014793800655681865,-0.03374884087822061,0.04799764314139132,0.001092692119773947,-0.002106519729611289
1.9500000000000002,0.7818213020814873,0.6239450290042188,-0.19389057577015315,-0.005089929663315751,-0.017561303516585552,2.181411035664409,0.356794389508322,0.026730493059936383,-0.10563957756151665,-0.002991355628228121,-0.02607533448617835,0.3160762518513826,-0.23020862629707928,0.2772801602139374,-0.0996653577985418,-0.008363783221249695,-0.02382048961856044,0.31637248834125664,-0.0036396995856602388,-0.1812840690522781,-0.00565224171842571,0.00387105995828238,-0.015545961134964398,-0.00278222039266085,-0.0020003574563390303,-0.0833575545943666,-0.005237759576215159,0.001533785750972105,-0.03632841534353615,0.04893977696094021,0.0011094242298468615,-0.001995858580497334
2.0,0.770467879774637,0.6378839707430947,-0.19886520089176654,-0.005517174482739442,-0.018784613405162444,2.197223717840005,0.35634796956301334,0.012066618551950558,-0.10593411337741213,-0.002715009396570098,-0.026846905184133855,0.31594193115758673,-0.22706844613700428,0.27877883477751775,-0.09949250243226793,-0.008544896388473812,-0.02446619777153783,0.316253643511919,-0.008928398906172808,-0.2932774901597165,-0.005890716317909495,0.005526924633160457,-0.015431413959110102,-0.002686413875917504,-0.0019211017583638523,-0.06069388966229276,-0.005264092292764111,0.0015921301329411522,-0.03854911460031041,0.05009871845062153,0.0011347991082334696,-0.0018911396728502616
2.0500000000000003,0.7595007414323668,0.6520598636207576,-0.2038295463050691,-0.005949836829064412,-0.020039783338578965,2.213030768657742,0.3556713408804999,-0.00011775409128757068,-0.10623899292515825,-0.002518647664111117,-0.02760967756876392,0.31581273507509205,-0.2193427668454051,0.2835178575532593,-0.09928690826605135,-0.008653246926499398,-0.02510339866833043,0.3161410163547451,-0.013532573650268942,-0.24368745286476257,-0.006097590954922405,0.00392723464917962,-0.015255447692601315,-0.002583921649893517,-0.0007816758801573176,0.024628421932594232,-0.005259964813099179,0.00164779464111276,-0.040183917054723683,0.0516396382948735,0.0011704536949309063,-0.0017920521230618824
2.1,0.7488170354144579,0.6664050529271355,-0.20878394536104508,-0.00639241153762865,-0.021326291624350235,2.228832512346984,0.3549189851041397,-0.0030352522011301447,-0.10655140310047545,-0.002520438233198157,-0.02836079015571477,0.3156884290999483,-0.21367412035817823,0.28690378612755696,-0.09908798111951944,-0.008851494171284759,-0.0257301657154254,0.3160348737848384,-0.015047115527203614,-0.05834996219685148,-0.0062482035063440855,-3.5811381740797135e-05,-0.015022251739017015,-0.002486119502874695,0.0007805992159365394,0.12734103161362967,-0.005239556760069146,0.0016947969566188878,-0.041337976961232537,0.05349799927415899,0.0012160546389549387,-0.0016982717017688387
2.15,0.7380442658934367,0.6806458685412261,-0.21373079871518083,-0.0068552941324611216,-0.022643402328970014,2.244629268065367,0.35428331940404006,0.005189284700863309,-0.10686921720415525,-0.002730624718831694,-0.02909902670773358,0.31556826506897767,-0.2154553904204226,0.2848163122818126,-0.09893706708271499,-0.009257651896649437,-0.02634221409239558,0.3159351143676581,-0.012713314001993048,0.16449073803986905,-0.006356282073596009,-0.004203729712670742,-0.014764731040376178,-0.002403280619412973,0.0018990531295428603,0.19273212640326903,-0.005227911922009176,0.0017295634359355745,-0.042386141444893055,0.055403212205521024,0.0012692012848191658,-0.001609479251334811
2.2,0.7267440712829577,0.6944403310548936,-0.21867346777127053,-0.007349380890097513,-0.023990154660140338,2.260421332917518,0.3538920981139625,0.020500408262608294,-0.10719203302210988,-0.003045484302137518,-0.029825384460885222,0.31545118848748477,-0.22600389220958084,0.275889250273349,-0.09885338112179398,-0.00988173515272783,-0.02693504662340647,0.3158412970430202,-0.007824425801551405,0.3062224712348997,-0.0064563163590924955,-0.00629719166611648,-0.014527155063032843,-0.0023415316298580624,0.0019401738531850121,0.18575718494771357,-0.005240610554438224,0.0017521553871176036,-0.04376917149283144,0.05701634130620381,0.001326532228729499,-0.001525377667133121
2.25,0.714646865118767,0.7075597540116086,-0.22361445793301998,-0.007880366609480384,-0.025365466105807304,2.2762089690775613,0.35374010997327804,0.035049208170194676,-0.1075207094999862,-0.003302063188231954,-0.03054246340174214,0.3153361510145368,-0.24194412328381487,0.26238845913430175,-0.09881980323498907,-0.010619714387657426,-0.027506228913339315,0.3157527232008661,-0.0030397628136891175,0.29097599815172764,-0.006573529557526436,-0.005131577721888721,-0.014341578817138323,-0.0023007494589588617,0.0008414848148005083,0.10980298598720921,-0.0052749672642963125,0.0017663771458292657,-0.04575910048126397,0.058111705681424985,0.0013855420669800222,-0.001445704775038692
2.3000000000000003,0.7017926614346944,0.7200166907085647,-0.22855381155449905,-0.008445780883760615,-0.026768294921037484,2.2919923985471704,0.35369143643804424,0.04136163438996851,-0.10785662317756264,-0.003364795074761153,-0.03125299588363675,0.3152224319684869,-0.2570840736814506,0.24913873393912045,-0.0987870724295814,-0.011308285485604613,-0.028056576304603606,0.3156685893921818,-0.000973470704676016,0.12624852439547668,-0.0067182735515289305,-0.0012546377305839782,-0.014210649637892286,-0.002274380920997965,-0.0008549214603753574,0.005057620758903925,-0.005317787022561814,0.0017783255877013237,-0.04831840819576505,0.05870482538491273,0.0014461884455009844,-0.0013702385733789235
2.35,0.6885055025958323,0.7320666889328763,-0.23348864926364837,-0.009036358098843827,-0.028197775585730552,2.3077718086242327,0.35355117841313605,0.0363260146513051,-0.10820125583881877,-0.00319794256867707,-0.03195830236010273,0.31510983497092726,-0.26574317677724224,0.24099996448623262,-0.0986967541829864,-0.011811544301664235,-0.028589613293861366,0.3155882015412459,-0.0028051604981638167,-0.10071239477326827,-0.006892653225122614,0.003337050121681659,-0.014106129529319611,-0.002251939951193327,-0.0022895763967434313,-0.07274753685322985,-0.005353699214615188,0.0017937027967636504,-0.05112559238277736,0.059054175423102984,0.001511350736351641,-0.0012987917642655056
2.4000000000000004,0.6752184594133932,0.7440773435379506,-0.23841434480669185,-0.009641031949972838,-0.029653255136801736,2.323547367523122,0.353168841048046,0.0228730077590252,-0.10855539957040307,-0.002885111315732127,-0.03265749859761487,0.31499865359436385,-0.26574086364878235,0.24021309210148667,-0.09851391086086958,-0.01209347702258022,-0.029109591021423686,0.3155111779777897,-0.007646747301800483,-0.2690601378455979,-0.007082874631685887,0.006256625058898855,-0.013983924750242682,-0.0022236275312681464,-0.0027415473567217186,-0.08199315424333117,-0.0053674948669118795,0.0018150567966173563,-0.05375016800801835,0.059530237609261905,0.0015856551933081942,-0.0012311961333248966
2.45,0.6622449328227901,0.756330636043775,-0.24332694385783138,-0.010252906464305522,-0.03113421092796128,2.339319244309921,0.3525185679838807,0.008440351006776831,-0.10891806974587169,-0.002585115023222695,-0.03334787506846273,0.3148894000289449,-0.2594705318120627,0.24506585011648818,-0.09825198102279054,-0.012237490286653684,-0.029619115823190864,0.315437535735974,-0.013005461283306374,-0.28865313504496737,-0.007253403509372425,0.005999925850188647,-0.013807529416957204,-0.002185071308379305,-0.002012928147032911,-0.01745562925360878,-0.005350642976345452,0.0018403996530013374,-0.05588136494039875,0.06041783945146073,0.001673056142168644,-0.0011672826144750736
2.5,0.6496183771570201,0.768863908106201,-0.24822556600774756,-0.010873018962835289,-0.032640093292173385,2.355087623941545,0.3517132831787359,0.001024422821508126,-0.10928662331201187,-0.0024473895170763434,-0.03402624834241884,0.31478241527827644,-0.25253111331539957,0.25066544124851875,-0.09797244299832364,-0.012402249970595337,-0.0301176472842421,0.3153675926324784,-0.016105696102896028,-0.1483185637053741,-0.0073710713228036795,0.002754510122927028,-0.013567465479122215,-0.0021396950133689696,-0.0005370165566904728,0.08670837372585839,-0.005312073624536357,0.0018640965637586762,-0.057488404029527485,0.061757126919653405,0.0017744339922524388,-0.0011068662508000315
2.5500000000000003,0.6370836627349237,0.7814380034030494,-0.25311332463781766,-0.011509870938410586,-0.034170176756940535,2.370852709516799,0.3509447970937179,0.004912333519481357,-0.10965850791181932,-0.0025319068261941365,-0.034690573432048726,0.3146775560525447,-0.2506942884419283,0.25148190593696773,-0.09775517260140199,-0.012737039511505933,-0.030601669295342998,0.31530171150508046,-0.015369721700360106,0.07775821395946461,-0.007437691996148854,-0.0016903461823558619,-0.013286501792597744,-0.002097184514634476,0.0008507461126554539,0.1749814016537265,-0.005276174795343112,0.0018797570260592684,-0.058829133857390525,0.06331170563986044,0.001886675362182344,-0.0010497439434948852
2.6,0.6242411249115078,0.79365507243163,-0.2579960361353404,-0.01217495181418382,-0.0357234996327154,2.386614709870023,0.35038159207780456,0.018370907823317885,-0.11003284445674413,-0.0027764383026019674,-0.03534096233650415,0.31457413026459974,-0.25685075646831645,0.24434138057161325,-0.09765422995045459,-0.013301617515464673,-0.031066457515497303,0.3152400070644834,-0.011264100318266745,0.2691714860767305,-0.00748673089849633,-0.004890629528156616,-0.01300777808910844,-0.0020685157588995473,0.0013587732954882803,0.20001983080382535,-0.0052636430481517865,0.0018837101514866913,-0.060305981017180765,0.06468644501021847,0.002003963864659619,-0.0009957068582195916
2.6500000000000004,0.6107634602047796,0.8051675415654805,-0.26287922683879755,-0.012876624505018936,-0.037298925273835735,2.402373818432106,0.3500787633392671,0.034538412516532405,-0.11041034308977506,-0.0030289983314283364,-0.03597955743285572,0.31447113109563335,-0.26955329413456575,0.23024938267701023,-0.09766381406914326,-0.014033453816702339,-0.031508512822406715,0.31518217124165915,-0.006056574770749723,0.32335009386429037,-0.007549972660618465,-0.00505120057652738,-0.012771901927031426,-0.002059983379327779,0.0006629117240577465,0.1480071222986616,-0.005276203900375153,0.0018771947716217671,-0.06224905330499375,0.06553644658687086,0.0021207731612024605,-0.000944561564085955
2.7,0.596568943402891,0.8158676212227189,-0.2677649411103694,-0.013615634057599888,-0.038895293266950355,2.418130194527849,0.3499481277678217,0.04506273300111751,-0.11079234254309948,-0.003128557096909803,-0.03660931595325093,0.31436765898490365,-0.2838903360377709,0.21400159314476808,-0.09771428543143723,-0.01478019105161904,-0.03192735986229239,0.31512752191486193,-0.0026127114289076214,0.2104864096917021,-0.007639989066488551,-0.0019911753096293287,-0.012595170407904283,-0.0020694422145939306,-0.0009195774878585361,0.0462530404869759,-0.0053009031009493175,0.001865982283081937,-0.06474292192076081,0.06575655159225935,0.0022350588896306034,-0.0008961487362917353
2.75,0.5818604327014884,0.8259531560218777,-0.27265011395904987,-0.014384654663957793,-0.04051158025862767,2.433883957691464,0.3498045632136122,0.04455939882539912,-0.11118025581704585,-0.0029911569805259985,-0.03723235229745526,0.3142633108681737,-0.2941702140280533,0.20171069598317493,-0.09770345697360905,-0.015380412127158107,-0.03232573983354636,0.31507526327230195,-0.002871291084189931,-0.010066683514367847,-0.007758265478927384,0.0027480023276760853,-0.012460726884086504,-0.0020869623345987076,-0.0025975570023731853,-0.05114518594730193,-0.005322260199905535,0.0018575112736619773,-0.06758761562869531,0.06554719042184676,0.0023498860409501554,-0.0008503488406255144
2.8000000000000003,0.5670130246044882,0.8358293231381668,-0.2775276492252466,-0.015172145661404554,-0.04214698461025846,2.449635199002773,0.3494642806888396,0.033511392643943164,-0.11157510543451934,-0.002655356208398444,-0.037848727197750585,0.314158322964648,-0.29694816194000273,0.19752334232578272,-0.0975507053239344,-0.015749819948935213,-0.03270808703261574,0.3150248262261801,-0.006805650495451676,-0.22096012362911907,-0.007896992349469834,0.006716015442551088,-0.012327498005906545,-0.0020997580705139907,-0.0035258103775044347,-0.09206855720568441,-0.005326772398400195,0.0018569950770862818,-0.07041096514420142,0.06531608036237757,0.00247235077475344,-0.0008070707972658298
2.85,0.5523738614014565,0.8458939082840288,-0.282389981918951,-0.015968481626115097,-0.04380088951204237,2.4653840042389605,0.3488430178223055,0.018048969830767377,-0.11197656652891726,-0.0022623486176611657,-0.03845633152763287,0.31405337909864844,-0.29278326406063426,0.20129170291723897,-0.09724665387408793,-0.015926719294210856,-0.03307809803567818,0.3149761047237476,-0.01242525733068267,-0.3092484562635157,-0.008029221887958238,0.007860151814745569,-0.012152086597645717,-0.0020988773199914768,-0.0032557961440422556,-0.054288504647925055,-0.005305186050338563,0.0018645838111839537,-0.07286879493424869,0.06546350094569908,0.002610018081049048,-0.0007662288290273267
2.9000000000000004,0.5380824414566023,0.8563191982877094,-0.2872333860850625,-0.016771088050369278,-0.04547272381746089,2.4811304768922824,0.34800168358986183,0.00670507011884126,-0.11238255668845502,-0.001980903356294067,-0.039051928422041665,0.31394917541337247,-0.28582839889708334,0.20850580007361286,-0.09686808332223018,-0.016052128485083625,-0.03343668610837042,0.31492945306643705,-0.016826684648872936,-0.2268779942385223,-0.008119803190755337,0.00562890522734197,-0.011911937888175878,-0.0020840737055194403,-0.001978134113293062,0.042414667654388095,-0.005261086135344123,0.0018751662783810243,-0.07482461219637415,0.066164185912019,0.0027666139149375435,-0.000727719443654351
2.95,0.5240059265069875,0.8669493388002627,-0.29206057590346834,-0.01758582143554263,-0.047161794520135254,2.4968747486895544,0.3471145725408557,0.005860761675955144,-0.11279050974584931,-0.001916919229018057,-0.03963280606403037,0.31384596843513246,-0.2815302989922963,0.21260281025106575,-0.09654379636811705,-0.01629466770346706,-0.03378141405348728,0.31488543594544005,-0.01774222098012257,-0.01688616885772232,-0.008159061147885727,0.0012796825455202053,-0.011617552839774115,-0.002064139564800227,-0.0004244436427857101,0.14653501611535244,-0.005214333055550177,0.0018810259195696242,-0.0764142988188965,0.06726468031317212,0.0029394240965316953,-0.0006914109143312253
3.0,0.509820303035581,0.8773730521545764,-0.2968798830995819,-0.0184238236859888,-0.04886718067496061,2.51261697159704,0.34637666905088027,0.01630950441445742,-0.11319921355808438,-0.0020559789334944466,-0.04019816700403215,0.3137433516535576,-0.2837124694281301,0.2084742670862738,-0.0963861439222713,-0.016760045008923363,-0.03410772309650714,0.3148444581497145,-0.014758069799508666,0.20897485477004546,-0.008174076244701345,-0.0027811940895277948,-0.011307218800035573,-0.002052335631497204,0.0005226100421265034,0.20219990494373957,-0.005186585978965916,0.0018760184476920572,-0.07796494925689212,0.06835605777962894,0.0031201169004180795,-0.0006571512747943764
3.0500000000000003,0.4951900293596567,0.8871379203238856,-0.301701147318805,-0.01929550176922655,-0.050587746656505415,2.5283572951697315,0.34589942198002105,0.03278948124161231,-0.11360917124465646,-0.0022700190119537686,-0.040749506737137266,0.3136403911314383,-0.29260547351848576,0.1952973633861843,-0.09642528438446152,-0.017433561664755015,-0.03441131963089608,0.3148064714538279,-0.009544941417184427,0.32959953654309776,-0.008199153731441589,-0.004280801569186438,-0.011026794662102324,-0.0020592104423855506,0.00030255115397048726,0.17909245253194855,-0.005182505028440417,0.0018590445883020605,-0.07981522268362173,0.0689882028988621,0.0032988526811950636,-0.0006247909700518584
3.1,0.4799480063503088,0.8959940592444505,-0.30653033441343347,-0.020204840760482345,-0.05232226905263939,2.5440958412704764,0.34565070219353544,0.04675884558528863,-0.11402153642228269,-0.0023851017347738725,-0.04128976422430998,0.313536059294573,-0.3048404601869581,0.1771227784112983,-0.09658374189256969,-0.018186779825115906,-0.0346904479226795,0.31477092201489754,-0.004974395729712144,0.27938728687352643,-0.00824730355252462,-0.0023016544564020795,-0.010805149743454284,-0.0020866367373062467,-0.0010213727999419664,0.08892327156067235,-0.005189417638800355,0.0018348859087878025,-0.08213537150182176,0.0689134849698887,0.0034696655865665282,-0.0005942081372558583
3.1500000000000004,0.4641805925737624,0.9040352975406413,-0.31136576824109324,-0.021147107849465083,-0.0540696101226872,2.559832690088138,0.3454711797196519,0.050953138782299214,-0.11443730837765068,-0.0022744385311010977,-0.04182169012275181,0.3134297401507576,-0.3153482755309289,0.1608247659238149,-0.09670867655319548,-0.01884534177965476,-0.034946821400956146,0.3147369763532293,-0.003590449477670621,0.08388586394021166,-0.008315439107359768,0.0022132640734554964,-0.010638517968836608,-0.002126382876308508,-0.0027937676384428567,-0.020499617589138208,-0.0051921666587684545,0.0018118567231467516,-0.08484222542436931,0.068227936172371,0.003634231758906814,-0.0005653225875437151
3.2,0.44817581757619845,0.9116576507498381,-0.31619826745216867,-0.02211121117352024,-0.055828845153963184,2.5755678856720885,0.3451588181823121,0.0432956217014773,-0.11485719856108477,-0.0019269146600303052,-0.042346308274424205,0.3133215323917531,-0.3200954999512784,0.15244706418393594,-0.0966499842215085,-0.019282066481103102,-0.03518470062551973,0.3147039116790129,-0.0062472307467964505,-0.15315034161643828,-0.008397803668681869,0.00695047742141585,-0.010492363033447888,-0.002164155180089944,-0.0041146284723792,-0.09062429944519058,-0.005181732606723128,0.0017974596832536095,-0.08765097740279809,0.06732972524782299,0.003801732547831338,-0.0005380902715419467
3.25,0.4322669127848183,0.9193520341457285,-0.3210155752291245,-0.02308548788984706,-0.05759927530176251,2.5913014587283025,0.3445769007336519,0.028056407252061037,-0.11528119202297168,-0.001454046876672443,-0.04286229800397103,0.3132121790732352,-0.3181780958276026,0.15388766791780917,-0.09634615553911652,-0.019485534326536408,-0.035408602955986496,0.3146714611242807,-0.011638348973204149,-0.3047842889883252,-0.008479869237738302,0.009457355667157243,-0.010319794590936543,-0.0021870663703582593,-0.004319279229424433,-0.08350648333964342,-0.0051538296076071854,0.0017943529141258205,-0.09023165193113059,0.06671186979163635,0.0039844247708755165,-0.0005124804832767893
3.3000000000000003,0.41665771700751936,0.9274391221700093,-0.32580905035963637,-0.024063840840533673,-0.05938031846509244,2.6070334548682403,0.34372797491394463,0.013613147657812949,-0.11570796681993045,-0.0010310307441371853,-0.0433666306165838,0.3131026509474156,-0.31218391554597935,0.1617417604856164,-0.09586950261023741,-0.01956705901373229,-0.03562086326659858,0.3146399227987562,-0.016978516394144938,-0.28886519188496174,-0.008535495939175353,0.008460322650705154,-0.010086652252255385,-0.0021905625163920472,-0.00333659528554342,-0.0023854555984960737,-0.005110969509782869,0.0017988239944875853,-0.09238369874285185,0.0666970951660657,0.00419094964036365,-0.0004884476112883007
3.35,0.40132306282443125,0.9358891188587858,-0.33057899452364475,-0.025048925541697332,-0.061171335959061594,2.622763953182275,0.3427536562475797,0.007984272825181757,-0.11613553017410326,-0.0008029322189900759,-0.043856127778656884,0.3129935990676014,-0.30669308366176207,0.1689999337755288,-0.09539888328016777,-0.01970169402327318,-0.03582034987938312,0.31460996628069005,-0.019486373327298745,-0.11257749665262384,-0.00855126708345616,0.004561970502942188,-0.009789943241461652,-0.0021810375962838524,-0.0017321207825813367,0.10967056609555331,-0.00506712649895788,0.001802671851175047,-0.09413560560797629,0.06725760442059447,0.004421005476355266,-0.0004659125652026752
3.4000000000000004,0.38603404424202126,0.9443271756692116,-0.3353353907625923,-0.02605064297714393,-0.06297148777216244,2.638493064867392,0.3418596972975932,0.014513400616512375,-0.11656287323561368,-0.0008061569607883193,-0.044329119366618264,0.3128849695005435,-0.30578037164819993,0.1687611362085173,-0.09512792477895049,-0.020034348708931962,-0.03600303626201687,0.31458223370234073,-0.017879178999730128,0.13058255582661235,-0.008546861230208369,-6.449483596486809e-05,-0.0094598317592276,-0.002172591341157437,-0.0004082836310842497,0.19254128704083753,-0.005039548121870734,0.0017975835813184417,-0.0957196298596939,0.06802049562534795,0.004664609237407746,-0.00044476414803451547
3.45,0.37048987583538534,0.9522269181187509,-0.3400932143095607,-0.02708070234058305,-0.06477969506191467,2.654220912204757,0.34120606603337517,0.030026114343274575,-0.11699059080815165,-0.0009476521181666277,-0.04478631321497226,0.31277599431416775,-0.31088336813271833,0.15799484899078564,-0.09515647093936819,-0.02060118726878238,-0.03616414579504457,0.31455694674730417,-0.013072625284360484,0.31025427453524396,-0.00855435145075939,-0.0028299031475661693,-0.009143876967079995,-0.0021795037275151863,-0.00012030439309507202,0.2012316881555147,-0.00503085031761729,0.0017797045709002505,-0.097439938425188,0.06846128803005747,0.004906785690439341,-0.0004248800786181839
3.5,0.35448216076442546,0.9591920196519942,-0.3448645120663556,-0.028146142534966414,-0.0665947317381333,2.6699475988962997,0.3408208688167795,0.04647533507404855,-0.11741972765035345,-0.0010536715217148085,-0.045230395003291235,0.31266557512731163,-0.32015430141919765,0.13930203066486513,-0.09542595513589824,-0.021308803887667288,-0.036300733524372575,0.3145337338308529,-0.007703944331913792,0.3289844146154795,-0.008582736844036098,-0.0021203880709636143,-0.008881635766379431,-0.002208383737122288,-0.0010690101754980974,0.13024508909603547,-0.005025401006009882,0.0017519122321185561,-0.09950833897512135,0.0681854954636264,0.005135487933644378,-0.00040615665502441445
3.5500000000000003,0.33800317958369896,0.9651748545123718,-0.3496514109435613,-0.029245293597640182,-0.06841539735619222,2.68567318782525,0.3405843944107281,0.05522618799058359,-0.1178505983764516,-0.0009625846370795227,-0.04566455700628057,0.3125528616413016,-0.32957962361452986,0.11965669720755301,-0.09573797754411362,-0.02198302125347537,-0.03641331236117845,0.31451177857900525,-0.004729488121028025,0.17501705833070078,-0.008617414521963074,0.001821737692705716,-0.008683240059786657,-0.002254269720201041,-0.0027902089579363576,0.016953337864762663,-0.005006438393547769,0.0017224846788757332,-0.10193599027221611,0.06714727875175619,0.005348589056438757,-0.0003885309940230286
3.6,0.32124328300628924,0.97051129448003,-0.35444404465797796,-0.030368382444317762,-0.07024067900472726,2.7013976987172903,0.3402923026589943,0.051701883278900004,-0.11828289385824513,-0.000612178984203808,-0.04609074233357916,0.3124377153292238,-0.33519793154819455,0.10672879935316404,-0.09585267428833366,-0.0224617769335516,-0.03650563297070086,0.314490217840806,-0.005841835034675613,-0.07048609423367172,-0.008645909635870419,0.0070081130575142935,-0.00852370654597187,-0.0023029262415552587,-0.004399852662720138,-0.07808160177115364,-0.004970871424427099,0.0017007991933794915,-0.10453600855878342,0.06568424201401046,0.005555955342022023,-0.0003719833699316055
3.6500000000000004,0.3044838158882121,0.9757476292018024,-0.35922504957402007,-0.03150250777935809,-0.07206981505173958,2.7171211276040768,0.33976483436346594,0.037892686195351584,-0.11871612492280827,-7.429515030808254e-05,-0.04650855211861994,0.312320803250814,-0.33518934236154263,0.10472669443544635,-0.09562009832084217,-0.02268250670080657,-0.036582720940246394,0.3144685777357292,-0.010549365910567099,-0.2761839416709684,-0.008664621291262775,0.010757676677914508,-0.00835619570081561,-0.0023382415681960644,-0.0050652720894275305,-0.1034973483888714,-0.004926178020221897,0.0016923299198605807,-0.10703054271689655,0.06434435256635707,0.005774950425979974,-0.00035651775109446504
3.7,0.2879472431608073,0.9813483327308707,-0.36397875066320146,-0.03263834877888999,-0.0739022258041422,2.7328434780826423,0.3389439477385266,0.021352650578879074,-0.11914947351471276,0.0004825204054062927,-0.04691540709829666,0.31220326211080396,-0.3307314545480966,0.1120140705813677,-0.09507402178362767,-0.022716819990638015,-0.03664821504805238,0.31444700957131033,-0.016417732498786863,-0.3308007123294502,-0.008666971838089954,0.011136311114287504,-0.008137099593534397,-0.0023508228002011577,-0.004453217198186699,-0.04492926597449283,-0.00488233424349583,0.001695636594066159,-0.10920064747397329,0.0635937070468896,0.00602124933679854,-0.0003421305404778252
3.75,0.2716859990866709,0.9874408066408726,-0.368700247661262,-0.03377500524745917,-0.07573734734412457,2.7485647876864716,0.3379259475570269,0.011185078363742393,-0.11958196082515689,0.0008830446049895072,-0.04730788525300401,0.3120861039442845,-0.32522488148272743,0.12184947820003789,-0.0944299399612114,-0.022733129371383526,-0.03670243079964747,0.31442619207658673,-0.02036000362999446,-0.2033514443027336,-0.00864974620888248,0.00801048399166429,-0.007849563094146916,-0.0023431633303894195,-0.0029144261688143214,0.06681963921276574,-0.004850966759395121,0.001703017425412907,-0.11099743327841893,0.0635612741295859,0.006299752338737974,-0.00032878420459736546
