time,vx,vy,vz,wx,wy,wz,x,y,z,phi,theta,psi,vxdot,vydot,vzdot,wxdot,wydot,wzdot,xdot,ydot,zdot,phidot,thetadot,psidot,fx,fy,fz,tauz,x_error,y_error,z_error,psi_error,solve_time,metadata
0.0,0.0,0.0,0.0,0.0,0.0,0.0,0.0,0.0,0.0,0.0,0.0,0.0,0.0,0.0,0.0,0.0,0.0,0.0,0.0,0.0,0.0,0.0,0.0,0.0,0.0,0.0,0.0,0.0,0.0,0.0,0.0,0.0,0.0,0.01
0.01,0.0,0.0,0.0,0.0,0.0,0.0,0.0,0.0,0.0,0.0,0.0,0.0,0.10834236186348863,0.0,0.0,0.0,0.003689228654870298,0.0,0.0,0.0,0.0,0.0,0.0,0.0,0.05,0.0,0.0,0.0,0.0,0.0,0.0,0.0,0.0,300.0
0.02,0.0010834236186348862,0.0,0.0,0.0,3.689228654870298e-05,0.0,0.0,0.0,0.0,0.0,0.0,0.0,0.10831536430852798,0.0,0.0,0.0,0.0036886083982724813,0.0,0.0010834236186348862,0.0,0.0,0.0,3.689228654870298e-05,0.0,0.05,0.0,0.0,0.0,0.0,0.0,0.0,0.0,0.0,0.0
0.03,0.0021665772617201658,0.0,0.0,0.0,7.377837053142779e-05,0.0,1.0834236186348862e-05,0.0,0.0,0.0,3.6892286548702977e-07,0.0,0.10828837348101872,0.0,0.0,0.0,0.003687931606945806,0.0,0.0021665772617201658,0.0,0.0,0.0,7.377837053142779e-05,0.0,0.05,0.0,0.0,0.0,1.0834236186348862e-05,0.0,0.0,0.0,0.0,0.0
0.04,0.003249460996530353,0.0,0.0,0.0,0.00011065768660088585,0.0,3.250000880355052e-05,0.0,0.0,0.0,1.1067065708013078e-06,0.0,0.10826138937928446,0.0,0.0,0.0,0.0036871982999177604,0.0,0.003249460996530353,0.0,0.0,0.0,0.00011065768660088585,0.0,0.05,0.0,0.0,0.0,3.250000880355052e-05,0.0,0.0,0.0,0.0,0.0
0.05,0.004332074890323198,0.0,0.0,0.0,0.00014752966960006347,0.0,6.499461876885405e-05,0.0,0.0,0.0,2.2132834368101664e-06,0.0,0.10823441200164924,0.0,0.0,0.0,0.0036864084970805867,0.0,0.004332074890323198,0.0,0.0,0.0,0.00014752966960006347,0.0,0.05,0.0,0.0,0.0,6.499461876885405e-05,0.0,0.0,0.0,0.0,0.0
0.06,0.00541441901033969,0.0,0.0,0.0,0.00018439375457086934,0.0,0.00010831536767208602,0.0,0.0,0.0,3.688580132810801e-06,0.0,0.10820744134643748,0.0,0.0,0.0,0.003685562219190841,0.0,0.00541441901033969,0.0,0.0,0.0,0.00018439375457086934,0.0,0.05,0.0,0.0,0.0,0.00010831536767208602,0.0,0.0,0.0,0.0,0.0
0.07,0.0064964934238040655,0.0,0.0,0.0,0.00022124937676277774,0.0,0.00016245955777548292,0.0,0.0,0.0,5.5325176785194946e-06,0.0,0.10818047741197404,0.0,0.0,0.0,0.003684659487868944,0.0,0.0064964934238040655,0.0,0.0,0.0,0.00022124937676277774,0.0,0.05,0.0,0.0,0.0,0.00016245955777548292,0.0,0.0,0.0,0.0,0.0
0.08,0.007578298197923806,0.0,0.0,0.0,0.00025809597164146717,0.0,0.00022742449201352356,0.0,0.0,0.0,7.745011446147273e-06,0.0,0.10815352019658418,0.0,0.0,0.0,0.0036837003255987166,0.0,0.007578298197923806,0.0,0.0,0.0,0.00025809597164146717,0.0,0.05,0.0,0.0,0.0,0.00022742449201352356,0.0,0.0,0.0,0.0,0.0
0.09,0.008659833399889648,0.0,0.0,0.0,0.00029493297489745435,0.0,0.0003032074739927616,0.0,0.0,0.0,1.0325971162561945e-05,0.0,0.10812656969859362,0.0,0.0,0.0,0.0036826847557269024,0.0,0.008659833399889648,0.0,0.0,0.0,0.00029493297489745435,0.0,0.05,0.0,0.0,0.0,0.0003032074739927616,0.0,0.0,0.0,0.0,0.0
0.1,0.009741099096875584,0.0,0.0,0.0,0.0003317598224547234,0.0,0.0003898058079916581,0.0,0.0,0.0,1.3275300911536488e-05,0.0,0.10809962591632843,0.0,0.0,0.0,0.0036816128024626787,0.0,0.009741099096875584,0.0,0.0,0.0,0.0003317598224547234,0.0,0.05,0.0,0.0,0.0,0.0003898058079916581,0.0,0.0,0.0,0.0,0.0
0.11,0.010822095356038869,0.0,0.0,0.0,0.0003685759504793502,0.0,0.00048721679896041395,0.0,0.0,0.0,1.6592899136083723e-05,0.0,0.10807268884811519,0.0,0.0,0.0,0.0036804844908771514,0.0,0.010822095356038869,0.0,0.0,0.0,0.0003685759504793502,0.0,0.05,0.0,0.0,0.0,0.00048721679896041395,0.0,0.0,0.0,0.0,0.0
0.12,0.011902822244520021,0.0,0.0,0.0,0.0004053807953881217,0.0,0.0005954377525208026,0.0,0.0,0.0,2.0278658640877225e-05,0.0,0.10804575849228079,0.0,0.0,0.0,0.0036792998469028395,0.0,0.011902822244520021,0.0,0.0,0.0,0.0004053807953881217,0.0,0.05,0.0,0.0,0.0,0.0005954377525208026,0.0,0.0,0.0,0.0,0.0
0.13,0.012983279829442829,0.0,0.0,0.0,0.00044217379385715007,0.0,0.0007144659749660029,0.0,0.0,0.0,2.4332466594758443e-05,0.0,0.10801883484715262,0.0,0.0,0.0,0.003678058897333146,0.0,0.012983279829442829,0.0,0.0,0.0,0.00044217379385715007,0.0,0.05,0.0,0.0,0.0,0.0007144659749660029,0.0,0.0,0.0,0.0,0.0
0.14,0.014063468177914356,0.0,0.0,0.0,0.00047895438283048153,0.0,0.0008442987732604311,0.0,0.0,0.0,2.8754204533329942e-05,0.0,0.10799191791105844,0.0,0.0,0.0,0.0036767616698218123,0.0,0.014063468177914356,0.0,0.0,0.0,0.00047895438283048153,0.0,0.05,0.0,0.0,0.0,0.0008442987732604311,0.0,0.0,0.0,0.0,0.0
0.15,0.01514338735702494,0.0,0.0,0.0,0.0005157219995286996,0.0,0.0009849334550395747,0.0,0.0,0.0,3.354374836163476e-05,0.0,0.10796500768232646,0.0,0.0,0.0,0.003675408192882366,0.0,0.01514338735702494,0.0,0.0,0.0,0.0005157219995286996,0.0,0.05,0.0,0.0,0.0,0.0009849334550395747,0.0,0.0,0.0,0.0,0.0
0.16,0.016223037433848207,0.0,0.0,0.0,0.0005524760814575233,0.0,0.0011363673286098241,0.0,0.0,0.0,3.8700968356921754e-05,0.0,0.10793810415928527,0.0,0.0,0.0,0.003673998495887549,0.0,0.016223037433848207,0.0,0.0,0.0,0.0005524760814575233,0.0,0.05,0.0,0.0,0.0,0.0011363673286098241,0.0,0.0,0.0,0.0,0.0
0.17,0.017302418475441058,0.0,0.0,0.0,0.0005892160664163988,0.0,0.0012985977029483062,0.0,0.0,0.0,4.422572917149699e-05,0.0,0.10791120734026391,0.0,0.0,0.0,0.003672532609068736,0.0,0.017302418475441058,0.0,0.0,0.0,0.0005892160664163988,0.0,0.05,0.0,0.0,0.0,0.0012985977029483062,0.0,0.0,0.0,0.0,0.0
0.18,0.018381530548843696,0.0,0.0,0.0,0.0006259413925070862,0.0,0.0014716218877027167,0.0,0.0,0.0,5.011788983566098e-05,0.0,0.10788431722359182,0.0,0.0,0.0,0.0036710105635153396,0.0,0.018381530548843696,0.0,0.0,0.0,0.0006259413925070862,0.0,0.05,0.0,0.0,0.0,0.0014716218877027167,0.0,0.0,0.0,0.0,0.0
0.19,0.019460373721079616,0.0,0.0,0.0,0.0006626514981422396,0.0,0.0016554371931911537,0.0,0.0,0.0,5.6377303760731845e-05,0.0,0.10785743380759885,0.0,0.0,0.0,0.003669432391174202,0.0,0.019460373721079616,0.0,0.0,0.0,0.0006626514981422396,0.0,0.05,0.0,0.0,0.0,0.0016554371931911537,0.0,0.0,0.0,0.0,0.0
0.2,0.020538948059155605,0.0,0.0,0.0,0.0006993458220539816,0.0,0.0018500409304019498,0.0,0.0,0.0,6.300381874215424e-05,0.0,0.1078305570906153,0.0,0.0,0.0,0.003667798124848972,0.0,0.020538948059155605,0.0,0.0,0.0,0.0006993458220539816,0.0,0.05,0.0,0.0,0.0,0.0018500409304019498,0.0,0.0,0.0,0.0,0.0
0.21,0.02161725363006176,0.0,0.0,0.0,0.0007360238033024713,0.0,0.0020554304109935057,0.0,0.0,0.0,6.999727696269406e-05,0.0,0.10780368707097183,0.0,0.0,0.0,0.0036661077981994736,0.0,0.02161725363006176,0.0,0.0,0.0,0.0007360238033024713,0.0,0.05,0.0,0.0,0.0,0.0020554304109935057,0.0,0.0,0.0,0.0,0.0
0.22,0.022695290500771476,0.0,0.0,0.0,0.0007726848812844661,0.0,0.0022716029472941235,0.0,0.0,0.0,7.735751499571877e-05,0.0,0.10777682374699957,0.0,0.0,0.0,0.0036643614457410544,0.0,0.022695290500771476,0.0,0.0,0.0,0.0007726848812844661,0.0,0.05,0.0,0.0,0.0,0.0022716029472941235,0.0,0.0,0.0,0.0,0.0
0.23,0.02377305873824147,0.0,0.0,0.0,0.0008093284957418767,0.0,0.0024985558523018384,0.0,0.0,0.0,8.508436380856344e-05,0.0,0.10774996711703001,0.0,0.0,0.0,0.0036625591028439292,0.0,0.02377305873824147,0.0,0.0,0.0,0.0008093284957418767,0.0,0.05,0.0,0.0,0.0,0.0024985558523018384,0.0,0.0,0.0,0.0,0.0
0.24,0.02485055840941177,0.0,0.0,0.0,0.000845954086770316,0.0,0.002736286439684253,0.0,0.0,0.0,9.31776487659822e-05,0.0,0.10772311717939513,0.0,0.0,0.0,0.0036607008057325027,0.0,0.02485055840941177,0.0,0.0,0.0,0.000845954086770316,0.0,0.05,0.0,0.0,0.0,0.002736286439684253,0.0,0.0,0.0,0.0,0.0
0.25,0.025927789581205722,0.0,0.0,0.0,0.000882561094827641,0.0,0.0029847920237783708,0.0,0.0,0.0,0.00010163718963368536,0.0,0.10769627393242727,0.0,0.0,0.0,0.003658786591484685,0.0,0.025927789581205722,0.0,0.0,0.0,0.000882561094827641,0.0,0.05,0.0,0.0,0.0,0.0029847920237783708,0.0,0.0,0.0,0.0,0.0
0.26,0.027004752320529995,0.0,0.0,0.0,0.0009191489607424878,0.0,0.003244069919590428,0.0,0.0,0.0,0.00011046280058196177,0.0,0.10766943737445919,0.0,0.0,0.0,0.0036568164980311916,0.0,0.027004752320529995,0.0,0.0,0.0,0.0009191489607424878,0.0,0.05,0.0,0.0,0.0,0.003244069919590428,0.0,0.0,0.0,0.0,0.0
0.27,0.028081446694274585,0.0,0.0,0.0,0.0009557171257227997,0.0,0.0035141174427957282,0.0,0.0,0.0,0.00011965429018938664,0.0,0.10764260750382408,0.0,0.0,0.0,0.0036547905641548307,0.0,0.028081446694274585,0.0,0.0,0.0,0.0009557171257227997,0.0,0.05,0.0,0.0,0.0,0.0035141174427957282,0.0,0.0,0.0,0.0,0.0
0.28,0.029157872769312827,0.0,0.0,0.0,0.000992265031364348,0.0,0.0037949319097384743,0.0,0.0,0.0,0.00012921146144661465,0.0,0.10761578431885555,0.0,0.0,0.0,0.0036527088294897774,0.0,0.029157872769312827,0.0,0.0,0.0,0.000992265031364348,0.0,0.05,0.0,0.0,0.0,0.0037949319097384743,0.0,0.0,0.0,0.0,0.0
0.29,0.03023403061250138,0.0,0.0,0.0,0.0010287921196592458,0.0,0.004086510637431603,0.0,0.0,0.0,0.00013913411176025813,0.0,0.1075889678178876,0.0,0.0,0.0,0.0036505713345208347,0.0,0.03023403061250138,0.0,0.0,0.0,0.0010287921196592458,0.0,0.05,0.0,0.0,0.0,0.004086510637431603,0.0,0.0,0.0,0.0,0.0
0.3,0.031309920290680256,0.0,0.0,0.0,0.001065297833004454,0.0,0.004388850943556617,0.0,0.0,0.0,0.0001494220329568506,0.0,0.10756215799925467,0.0,0.0,0.0,0.003648378120582683,0.0,0.031309920290680256,0.0,0.0,0.0,0.001065297833004454,0.0,0.05,0.0,0.0,0.0,0.004388850943556617,0.0,0.0,0.0,0.0,0.0
0.31,0.0323855418706728,0.0,0.0,0.0,0.0011017816142102808,0.0,0.004701950146463419,0.0,0.0,0.0,0.00016007501128689514,0.0,0.10753535486129161,0.0,0.0,0.0,0.0036461292298591162,0.0,0.0323855418706728,0.0,0.0,0.0,0.0011017816142102808,0.0,0.05,0.0,0.0,0.0,0.004701950146463419,0.0,0.0,0.0,0.0,0.0
0.32,0.033460895419285715,0.0,0.0,0.0,0.001138242906508872,0.0,0.005025805565170147,0.0,0.0,0.0,0.00017109282742899795,0.0,0.10750855840233367,0.0,0.0,0.0,0.0036438247053822617,0.0,0.033460895419285715,0.0,0.0,0.0,0.001138242906508872,0.0,0.05,0.0,0.0,0.0,0.005025805565170147,0.0,0.0,0.0,0.0,0.0
0.33,0.034535981003309055,0.0,0.0,0.0,0.0011746811535626946,0.0,0.005360414519363004,0.0,0.0,0.0,0.00018247525649408666,0.0,0.10748176862071654,0.0,0.0,0.0,0.0036414645910317926,0.0,0.034535981003309055,0.0,0.0,0.0,0.0011746811535626946,0.0,0.05,0.0,0.0,0.0,0.005360414519363004,0.0,0.0,0.0,0.0,0.0
0.34,0.03561079868951622,0.0,0.0,0.0,0.0012110957994730125,0.0,0.005705774329396095,0.0,0.0,0.0,0.00019422206802971362,0.0,0.1074549855147763,0.0,0.0,0.0,0.0036390489315341243,0.0,0.03561079868951622,0.0,0.0,0.0,0.0012110957994730125,0.0,0.05,0.0,0.0,0.0,0.005705774329396095,0.0,0.0,0.0,0.0,0.0
0.35000000000000003,0.03668534854466399,0.0,0.0,0.0,0.0012474862887883536,0.0,0.006061882316291257,0.0,0.0,0.0,0.00020633302602444373,0.0,0.10742820908284945,0.0,0.0,0.0,0.0036365777724615975,0.0,0.03668534854466399,0.0,0.0,0.0,0.0012474862887883536,0.0,0.05,0.0,0.0,0.0,0.006061882316291257,0.0,0.0,0.0,0.0,0.0
0.36,0.03775963063549248,0.0,0.0,0.0,0.0012838520665129697,0.0,0.006428735801737897,0.0,0.0,0.0,0.00021880788891232727,0.0,0.10740143932327292,0.0,0.0,0.0,0.0036340511602316493,0.0,0.03775963063549248,0.0,0.0,0.0,0.0012838520665129697,0.0,0.05,0.0,0.0,0.0,0.006428735801737897,0.0,0.0,0.0,0.0,0.0
0.37,0.03883364502872521,0.0,0.0,0.0,0.001320192578115286,0.0,0.006806332108092822,0.0,0.0,0.0,0.00023164640957745698,0.0,0.10737467623438406,0.0,0.0,0.0,0.003631469142105973,0.0,0.03883364502872521,0.0,0.0,0.0,0.001320192578115286,0.0,0.05,0.0,0.0,0.0,0.006806332108092822,0.0,0.0,0.0,0.0,0.0
0.38,0.03990739179106905,0.0,0.0,0.0,0.0013565072695363458,0.0,0.007194668558380074,0.0,0.0,0.0,0.00024484833535860984,0.0,0.10734791981452058,0.0,0.0,0.0,0.003628831766189661,0.0,0.03990739179106905,0.0,0.0,0.0,0.0013565072695363458,0.0,0.05,0.0,0.0,0.0,0.007194668558380074,0.0,0.0,0.0,0.0,0.0
0.39,0.040980870989214255,0.0,0.0,0.0,0.0013927955871982423,0.0,0.007593742476290765,0.0,0.0,0.0,0.0002584134080539733,0.0,0.10732117006202066,0.0,0.0,0.0,0.0036261390814303408,0.0,0.040980870989214255,0.0,0.0,0.0,0.0013927955871982423,0.0,0.05,0.0,0.0,0.0,0.007593742476290765,0.0,0.0,0.0,0.0,0.0
0.4,0.04205408268983446,0.0,0.0,0.0,0.0014290569780125457,0.0,0.008003551186182907,0.0,0.0,0.0,0.0002723413639259557,0.0,0.10729442697522289,0.0,0.0,0.0,0.003623391137617291,0.0,0.04205408268983446,0.0,0.0,0.0,0.0014290569780125457,0.0,0.05,0.0,0.0,0.0,0.008003551186182907,0.0,0.0,0.0,0.0,0.0
0.41000000000000003,0.04312702695958669,0.0,0.0,0.0,0.0014652908893887187,0.0,0.008424092013081252,0.0,0.0,0.0,0.0002866319337060812,0.0,0.10726769055246625,0.0,0.0,0.0,0.003620587985380552,0.0,0.04312702695958669,0.0,0.0,0.0,0.0014652908893887187,0.0,0.05,0.0,0.0,0.0,0.008424092013081252,0.0,0.0,0.0,0.0,0.0
0.42,0.04419970386511135,0.0,0.0,0.0,0.0015014967692425242,0.0,0.00885536228267712,0.0,0.0,0.0,0.00030128484259996834,0.0,0.10724096079209014,0.0,0.0,0.0,0.003617729676190017,0.0,0.04419970386511135,0.0,0.0,0.0,0.0015014967692425242,0.0,0.05,0.0,0.0,0.0,0.00885536228267712,0.0,0.0,0.0,0.0,0.0
0.43,0.045272113473032255,0.0,0.0,0.0,0.0015376740660044243,0.0,0.009297359321328233,0.0,0.0,0.0,0.0003162998102923936,0.0,0.10721423769243439,0.0,0.0,0.0,0.0036148162623545156,0.0,0.045272113473032255,0.0,0.0,0.0,0.0015376740660044243,0.0,0.05,0.0,0.0,0.0,0.009297359321328233,0.0,0.0,0.0,0.0,0.0
0.44,0.0463442558499566,0.0,0.0,0.0,0.0015738222286279695,0.0,0.009750080456058555,0.0,0.0,0.0,0.00033167655095243785,0.0,0.10718752125183922,0.0,0.0,0.0,0.003611847797020882,0.0,0.0463442558499566,0.0,0.0,0.0,0.0015738222286279695,0.0,0.05,0.0,0.0,0.0,0.009750080456058555,0.0,0.0,0.0,0.0,0.0
0.45,0.04741613106247499,0.0,0.0,0.0,0.0016099407065981784,0.0,0.01021352301455812,0.0,0.0,0.0,0.00034741477323871757,0.0,0.1071608114686453,0.0,0.0,0.0,0.0036088243341730114,0.0,0.04741613106247499,0.0,0.0,0.0,0.0016099407065981784,0.0,0.05,0.0,0.0,0.0,0.01021352301455812,0.0,0.0,0.0,0.0,0.0
0.46,0.04848773917716144,0.0,0.0,0.0,0.0016460289499399085,0.0,0.010687684325182871,0.0,0.0,0.0,0.00036351418030469934,0.0,0.10713410834119365,0.0,0.0,0.0,0.003605745928630902,0.0,0.04848773917716144,0.0,0.0,0.0,0.0016460289499399085,0.0,0.05,0.0,0.0,0.0,0.010687684325182871,0.0,0.0,0.0,0.0,0.0
0.47000000000000003,0.049559080260573374,0.0,0.0,0.0,0.0016820864092262175,0.0,0.011172561716954486,0.0,0.0,0.0,0.00037997446980409845,0.0,0.10710741186782577,0.0,0.0,0.0,0.0036026126360496867,0.0,0.049559080260573374,0.0,0.0,0.0,0.0016820864092262175,0.0,0.05,0.0,0.0,0.0,0.011172561716954486,0.0,0.0,0.0,0.0,0.0
0.48,0.050630154379251634,0.0,0.0,0.0,0.0017181125355867145,0.0,0.01166815251956022,0.0,0.0,0.0,0.0003967953338963606,0.0,0.10708072204688354,0.0,0.0,0.0,0.0035994245129186515,0.0,0.050630154379251634,0.0,0.0,0.0,0.0017181125355867145,0.0,0.05,0.0,0.0,0.0,0.01166815251956022,0.0,0.0,0.0,0.0,0.0
0.49,0.05170096159972047,0.0,0.0,0.0,0.001754106780715901,0.0,0.012174454063352737,0.0,0.0,0.0,0.00041397645925222775,0.0,0.10705403887670926,0.0,0.0,0.0,0.0035961816165602403,0.0,0.05170096159972047,0.0,0.0,0.0,0.001754106780715901,0.0,0.05,0.0,0.0,0.0,0.012174454063352737,0.0,0.0,0.0,0.0,0.0
0.5,0.05277150198848756,0.0,0.0,0.0,0.0017900685968815036,0.0,0.012691463679349943,0.0,0.0,0.0,0.00043151752705938677,0.0,0.10702736235564564,0.0,0.0,0.0,0.0035928840051290462,0.0,0.05277150198848756,0.0,0.0,0.0,0.0017900685968815036,0.0,0.05,0.0,0.0,0.0,0.012691463679349943,0.0,0.0,0.0,0.0,0.0
0.51,0.053841775612044014,0.0,0.0,0.0,0.001825997436932794,0.0,0.013219178699234817,0.0,0.0,0.0,0.0004494182130282018,0.0,0.10700069248203581,0.0,0.0,0.0,0.003589531737610795,0.0,0.053841775612044014,0.0,0.0,0.0,0.001825997436932794,0.0,0.05,0.0,0.0,0.0,0.013219178699234817,0.0,0.0,0.0,0.0,0.0
0.52,0.05491178253686437,0.0,0.0,0.0,0.001861892754308902,0.0,0.013757596455355257,0.0,0.0,0.0,0.0004676781873975297,0.0,0.1069740292542233,0.0,0.0,0.0,0.0035861248738213083,0.0,0.05491178253686437,0.0,0.0,0.0,0.001861892754308902,0.0,0.05,0.0,0.0,0.0,0.013757596455355257,0.0,0.0,0.0,0.0,0.0
0.53,0.055981522829406605,0.0,0.0,0.0,0.001897754003047115,0.0,0.0143067142807239,0.0,0.0,0.0,0.0004862971149406187,0.0,0.10694737267055206,0.0,0.0,0.0,0.0035826634744054618,0.0,0.055981522829406605,0.0,0.0,0.0,0.001897754003047115,0.0,0.05,0.0,0.0,0.0,0.0143067142807239,0.0,0.0,0.0,0.0,0.0
0.54,0.05705099655611213,0.0,0.0,0.0,0.0019335806377911698,0.0,0.014866529509017967,0.0,0.0,0.0,0.0005052746549710898,0.0,0.10692072272936647,0.0,0.0,0.0,0.0035791476008361256,0.0,0.05705099655611213,0.0,0.0,0.0,0.0019335806377911698,0.0,0.05,0.0,0.0,0.0,0.014866529509017967,0.0,0.0,0.0,0.0,0.0
0.55,0.058120203783405794,0.0,0.0,0.0,0.001969372113799531,0.0,0.015437039474579087,0.0,0.0,0.0,0.0005246104613490015,0.0,0.10689407942901129,0.0,0.0,0.0,0.003575577315413096,0.0,0.058120203783405794,0.0,0.0,0.0,0.001969372113799531,0.0,0.05,0.0,0.0,0.0,0.015437039474579087,0.0,0.0,0.0,0.0,0.0
0.56,0.059189144577695904,0.0,0.0,0.0,0.002005127886953662,0.0,0.016018241512413146,0.0,0.0,0.0,0.0005443041824869969,0.0,0.10686744276783171,0.0,0.0,0.0,0.00357195268126201,0.0,0.059189144577695904,0.0,0.0,0.0,0.002005127886953662,0.0,0.05,0.0,0.0,0.0,0.016018241512413146,0.0,0.0,0.0,0.0,0.0
0.5700000000000001,0.06025781900537422,0.0,0.0,0.0,0.0020408474137662822,0.0,0.016610132958190103,0.0,0.0,0.0,0.0005643554613565335,0.0,0.10684081274417333,0.0,0.0,0.0,0.003568273762333252,0.0,0.06025781900537422,0.0,0.0,0.0,0.0020408474137662822,0.0,0.05,0.0,0.0,0.0,0.016610132958190103,0.0,0.0,0.0,0.0,0.0
0.58,0.06132622713281595,0.0,0.0,0.0,0.002076530151389615,0.0,0.017212711148243846,0.0,0.0,0.0,0.0005847639354941963,0.0,0.10681418935638218,0.0,0.0,0.0,0.0035645406234008446,0.0,0.06132622713281595,0.0,0.0,0.0,0.002076530151389615,0.0,0.05,0.0,0.0,0.0,0.017212711148243846,0.0,0.0,0.0,0.0,0.0
0.59,0.06239436902637977,0.0,0.0,0.0,0.0021121755576236235,0.0,0.017825973419572008,0.0,0.0,0.0,0.0006055292370080925,0.0,0.10678757260280465,0.0,0.0,0.0,0.003560753330061331,0.0,0.06239436902637977,0.0,0.0,0.0,0.0021121755576236235,0.0,0.05,0.0,0.0,0.0,0.017825973419572008,0.0,0.0,0.0,0.0,0.0
0.6,0.06346224475240782,0.0,0.0,0.0,0.002147783090924237,0.0,0.018449917109835807,0.0,0.0,0.0,0.0006266509925843287,0.0,0.10676096248178762,0.0,0.0,0.0,0.003556911948732638,0.0,0.06346224475240782,0.0,0.0,0.0,0.002147783090924237,0.0,0.05,0.0,0.0,0.0,0.018449917109835807,0.0,0.0,0.0,0.0,0.0
0.61,0.06452985437722569,0.0,0.0,0.0,0.002183352210411563,0.0,0.019084539557359885,0.0,0.0,0.0,0.0006481288234935711,0.0,0.10673435899167831,0.0,0.0,0.0,0.003553016546652935,0.0,0.06452985437722569,0.0,0.0,0.0,0.002183352210411563,0.0,0.05,0.0,0.0,0.0,0.019084539557359885,0.0,0.0,0.0,0.0,0.0
0.62,0.06559719796714247,0.0,0.0,0.0,0.0022188823758780927,0.0,0.01972983810113214,0.0,0.0,0.0,0.0006699623455976867,0.0,0.1067077621308244,0.0,0.0,0.0,0.0035490671918794736,0.0,0.06559719796714247,0.0,0.0,0.0,0.0022188823758780927,0.0,0.05,0.0,0.0,0.0,0.01972983810113214,0.0,0.0,0.0,0.0,0.0
0.63,0.06666427558845071,0.0,0.0,0.0,0.0022543730477968876,0.0,0.020385810080803566,0.0,0.0,0.0,0.0006921511693564677,0.0,0.10668117189757395,0.0,0.0,0.0,0.0035450639532874193,0.0,0.06666427558845071,0.0,0.0,0.0,0.0022543730477968876,0.0,0.05,0.0,0.0,0.0,0.020385810080803566,0.0,0.0,0.0,0.0,0.0
0.64,0.06773108730742645,0.0,0.0,0.0,0.002289823687329762,0.0,0.021052452836688072,0.0,0.0,0.0,0.0007146948998344365,0.0,0.10665458829027544,0.0,0.0,0.0,0.0035410069005686676,0.0,0.06773108730742645,0.0,0.0,0.0,0.002289823687329762,0.0,0.05,0.0,0.0,0.0,0.021052452836688072,0.0,0.0,0.0,0.0,0.0
0.65,0.06879763319032921,0.0,0.0,0.0,0.0023252337563354486,0.0,0.02172976370976234,0.0,0.0,0.0,0.0007375931367077341,0.0,0.10662801130727778,0.0,0.0,0.0,0.0035368961042306513,0.0,0.06879763319032921,0.0,0.0,0.0,0.0023252337563354486,0.0,0.05,0.0,0.0,0.0,0.02172976370976234,0.0,0.0,0.0,0.0,0.0
0.66,0.06986391330340198,0.0,0.0,0.0,0.002360602717377755,0.0,0.02241774004166563,0.0,0.0,0.0,0.0007608454742710887,0.0,0.10660144094693028,0.0,0.0,0.0,0.0035327316355951315,0.0,0.06986391330340198,0.0,0.0,0.0,0.002360602717377755,0.0,0.05,0.0,0.0,0.0,0.02241774004166563,0.0,0.0,0.0,0.0,0.0
0.67,0.0709299277128713,0.0,0.0,0.0,0.0023959300337337065,0.0,0.02311637917469965,0.0,0.0,0.0,0.0007844515014448662,0.0,0.10657487720758263,0.0,0.0,0.0,0.0035285135667969788,0.0,0.0709299277128713,0.0,0.0,0.0,0.0023959300337337065,0.0,0.05,0.0,0.0,0.0,0.02311637917469965,0.0,0.0,0.0,0.0,0.0
0.68,0.07199567648494712,0.0,0.0,0.0,0.0024312151694016763,0.0,0.023825678451828362,0.0,0.0,0.0,0.0008084108017822033,0.0,0.106548320087585,0.0,0.0,0.0,0.0035242419707829423,0.0,0.07199567648494712,0.0,0.0,0.0,0.0024312151694016763,0.0,0.05,0.0,0.0,0.0,0.023825678451828362,0.0,0.0,0.0,0.0,0.0
0.6900000000000001,0.07306115968582297,0.0,0.0,0.0,0.0024664575891095056,0.0,0.024545635216677835,0.0,0.0,0.0,0.0008327229534762201,0.0,0.10652176958528789,0.0,0.0,0.0,0.0035199169213104057,0.0,0.07306115968582297,0.0,0.0,0.0,0.0024664575891095056,0.0,0.05,0.0,0.0,0.0,0.024545635216677835,0.0,0.0,0.0,0.0,0.0
0.7000000000000001,0.07412637738167585,0.0,0.0,0.0,0.0025016567583226097,0.0,0.025276246813536064,0.0,0.0,0.0,0.0008573875293673152,0.0,0.10649522569904228,0.0,0.0,0.0,0.0035155384929461287,0.0,0.07412637738167585,0.0,0.0,0.0,0.0025016567583226097,0.0,0.05,0.0,0.0,0.0,0.025276246813536064,0.0,0.0,0.0,0.0,0.0
0.71,0.07519132963866627,0.0,0.0,0.0,0.002536812143252071,0.0,0.026017510587352823,0.0,0.0,0.0,0.0008824040969505413,0.0,0.10646868842719953,0.0,0.0,0.0,0.003511106761064983,0.0,0.07519132963866627,0.0,0.0,0.0,0.002536812143252071,0.0,0.05,0.0,0.0,0.0,0.026017510587352823,0.0,0.0,0.0,0.0,0.0
0.72,0.07625601652293827,0.0,0.0,0.0,0.0025719232108627208,0.0,0.026769423883739485,0.0,0.0,0.0,0.000907772218383062,0.0,0.10644215776811142,0.0,0.0,0.0,0.003506621801848667,0.0,0.07625601652293827,0.0,0.0,0.0,0.0025719232108627208,0.0,0.05,0.0,0.0,0.0,0.026769423883739485,0.0,0.0,0.0,0.0,0.0
0.73,0.07732043810061939,0.0,0.0,0.0,0.0026069894288812076,0.0,0.027531984048968866,0.0,0.0,0.0,0.0009334914504916893,0.0,0.10641563372013012,0.0,0.0,0.0,0.0035020836922844156,0.0,0.07732043810061939,0.0,0.0,0.0,0.0026069894288812076,0.0,0.05,0.0,0.0,0.0,0.027531984048968866,0.0,0.0,0.0,0.0,0.0
0.74,0.0783845944378207,0.0,0.0,0.0,0.0026420102658040517,0.0,0.02830518842997506,0.0,0.0,0.0,0.0009595613447805013,0.0,0.10638911628160821,0.0,0.0,0.0,0.0034974925101636956,0.0,0.0783845944378207,0.0,0.0,0.0,0.0026420102658040517,0.0,0.05,0.0,0.0,0.0,0.02830518842997506,0.0,0.0,0.0,0.0,0.0
0.75,0.07944848560063678,0.0,0.0,0.0,0.0026769851909056886,0.0,0.029089034374353267,0.0,0.0,0.0,0.0009859814474385419,0.0,0.10636260545089875,0.0,0.0,0.0,0.003492848334080886,0.0,0.07944848560063678,0.0,0.0,0.0,0.0026769851909056886,0.0,0.05,0.0,0.0,0.0,0.029089034374353267,0.0,0.0,0.0,0.0,0.0
0.76,0.08051211165514577,0.0,0.0,0.0,0.0027119136742464974,0.0,0.029883519230359635,0.0,0.0,0.0,0.0010127512993475987,0.0,0.10633610122635509,0.0,0.0,0.0,0.003488151243431951,0.0,0.08051211165514577,0.0,0.0,0.0,0.0027119136742464974,0.0,0.05,0.0,0.0,0.0,0.029883519230359635,0.0,0.0,0.0,0.0,0.0
0.77,0.08157547266740932,0.0,0.0,0.0,0.002746795186680817,0.0,0.030688640346911093,0.0,0.0,0.0,0.0010398704360900636,0.0,0.10630960360633111,0.0,0.0,0.0,0.0034834013184130985,0.0,0.08157547266740932,0.0,0.0,0.0,0.002746795186680817,0.0,0.05,0.0,0.0,0.0,0.030688640346911093,0.0,0.0,0.0,0.0,0.0
0.78,0.08263856870347262,0.0,0.0,0.0,0.002781629199864948,0.0,0.031504395073585184,0.0,0.0,0.0,0.0010673383879568718,0.0,0.10628311258918102,0.0,0.0,0.0,0.003478598640019425,0.0,0.08263856870347262,0.0,0.0,0.0,0.002781629199864948,0.0,0.05,0.0,0.0,0.0,0.031504395073585184,0.0,0.0,0.0,0.0,0.0
0.79,0.08370139982936443,0.0,0.0,0.0,0.0028164151862651423,0.0,0.03233078076061991,0.0,0.0,0.0,0.0010951546799555212,0.0,0.10625662817325947,0.0,0.0,0.0,0.0034737432900435513,0.0,0.08370139982936443,0.0,0.0,0.0,0.0028164151862651423,0.0,0.05,0.0,0.0,0.0,0.03233078076061991,0.0,0.0,0.0,0.0,0.0
0.8,0.08476396611109703,0.0,0.0,0.0,0.0028511526191655778,0.0,0.03316779475891356,0.0,0.0,0.0,0.0011233188318181726,0.0,0.10623015035692152,0.0,0.0,0.0,0.003468835351074245,0.0,0.08476396611109703,0.0,0.0,0.0,0.0028511526191655778,0.0,0.05,0.0,0.0,0.0,0.03316779475891356,0.0,0.0,0.0,0.0,0.0
0.81,0.08582626761466625,0.0,0.0,0.0,0.0028858409726763203,0.0,0.034015434420024526,0.0,0.0,0.0,0.0011518303580098283,0.0,0.10620367913852263,0.0,0.0,0.0,0.003463874906495031,0.0,0.08582626761466625,0.0,0.0,0.0,0.0028858409726763203,0.0,0.05,0.0,0.0,0.0,0.034015434420024526,0.0,0.0,0.0,0.0,0.0
0.8200000000000001,0.08688830440605147,0.0,0.0,0.0,0.0029204797217412706,0.0,0.03487369709617119,0.0,0.0,0.0,0.0011806887677365916,0.0,0.10617721451641869,0.0,0.0,0.0,0.0034588620404827886,0.0,0.08688830440605147,0.0,0.0,0.0,0.0029204797217412706,0.0,0.05,0.0,0.0,0.0,0.03487369709617119,0.0,0.0,0.0,0.0,0.0
0.8300000000000001,0.08795007655121566,0.0,0.0,0.0,0.0029550683421460987,0.0,0.035742580140231704,0.0,0.0,0.0,0.0012098935649540042,0.0,0.10615075648896598,0.0,0.0,0.0,0.0034537968380063395,0.0,0.08795007655121566,0.0,0.0,0.0,0.0029550683421460987,0.0,0.05,0.0,0.0,0.0,0.035742580140231704,0.0,0.0,0.0,0.0,0.0
0.84,0.08901158411610532,0.0,0.0,0.0,0.002989606310526162,0.0,0.03662208090574386,0.0,0.0,0.0,0.0012394442483754653,0.0,0.1061243050545212,0.0,0.0,0.0,0.003448679384825022,0.0,0.08901158411610532,0.0,0.0,0.0,0.002989606310526162,0.0,0.05,0.0,0.0,0.0,0.03662208090574386,0.0,0.0,0.0,0.0,0.0
0.85,0.09007282716665053,0.0,0.0,0.0,0.0030240931043744126,0.0,0.03751219674690492,0.0,0.0,0.0,0.001269340311480727,0.0,0.10609786021144144,0.0,0.0,0.0,0.0034435097674872526,0.0,0.09007282716665053,0.0,0.0,0.0,0.0030240931043744126,0.0,0.05,0.0,0.0,0.0,0.03751219674690492,0.0,0.0,0.0,0.0,0.0
0.86,0.09113380576876495,0.0,0.0,0.0,0.0030585282020492853,0.0,0.03841292501857142,0.0,0.0,0.0,0.0012995812425244712,0.0,0.10607142195808422,0.0,0.0,0.0,0.0034382880733290783,0.0,0.09113380576876495,0.0,0.0,0.0,0.0030585282020492853,0.0,0.05,0.0,0.0,0.0,0.03841292501857142,0.0,0.0,0.0,0.0,0.0
0.87,0.0921945199883458,0.0,0.0,0.0,0.003092911082782576,0.0,0.039324263076259074,0.0,0.0,0.0,0.001330166524544964,0.0,0.10604499029280748,0.0,0.0,0.0,0.0034330143904727143,0.0,0.0921945199883458,0.0,0.0,0.0,0.003092911082782576,0.0,0.05,0.0,0.0,0.0,0.039324263076259074,0.0,0.0,0.0,0.0,0.0
0.88,0.09325496989127387,0.0,0.0,0.0,0.0031272412266873033,0.0,0.04024620827614253,0.0,0.0,0.0,0.0013610956353727896,0.0,0.10601856521396953,0.0,0.0,0.0,0.003427688807825071,0.0,0.09325496989127387,0.0,0.0,0.0,0.0031272412266873033,0.0,0.05,0.0,0.0,0.0,0.04024620827614253,0.0,0.0,0.0,0.0,0.0
0.89,0.09431515554341356,0.0,0.0,0.0,0.003161518114765554,0.0,0.04117875797505527,0.0,0.0,0.0,0.0013923680476396628,0.0,0.10599214671992913,0.0,0.0,0.0,0.0034223114150762697,0.0,0.09431515554341356,0.0,0.0,0.0,0.003161518114765554,0.0,0.05,0.0,0.0,0.0,0.04117875797505527,0.0,0.0,0.0,0.0,0.0
0.9,0.09537507701061285,0.0,0.0,0.0,0.0031957412289163167,0.0,0.0421219095304894,0.0,0.0,0.0,0.0014239832287873183,0.0,0.10596573480904542,0.0,0.0,0.0,0.0034168823026981465,0.0,0.09537507701061285,0.0,0.0,0.0,0.0031957412289163167,0.0,0.05,0.0,0.0,0.0,0.0421219095304894,0.0,0.0,0.0,0.0,0.0
0.91,0.0964347343587033,0.0,0.0,0.0,0.003229910051943298,0.0,0.04307566030059553,0.0,0.0,0.0,0.0014559406410764814,0.0,0.10593932947967796,0.0,0.0,0.0,0.0034114015619427416,0.0,0.0964347343587033,0.0,0.0,0.0,0.003229910051943298,0.0,0.05,0.0,0.0,0.0,0.04307566030059553,0.0,0.0,0.0,0.0,0.0
0.92,0.09749412765350007,0.0,0.0,0.0,0.0032640240675627253,0.0,0.04404000764418256,0.0,0.0,0.0,0.0014882397415959144,0.0,0.10591293073018675,0.0,0.0,0.0,0.003405869284840782,0.0,0.09749412765350007,0.0,0.0,0.0,0.0032640240675627253,0.0,0.05,0.0,0.0,0.0,0.04404000764418256,0.0,0.0,0.0,0.0,0.0
0.93,0.09855325696080194,0.0,0.0,0.0,0.0032980827604111333,0.0,0.045014948920717564,0.0,0.0,0.0,0.0015208799822715416,0.0,0.10588653855893211,0.0,0.0,0.0,0.0034002855642001487,0.0,0.09855325696080194,0.0,0.0,0.0,0.0032980827604111333,0.0,0.05,0.0,0.0,0.0,0.045014948920717564,0.0,0.0,0.0,0.0,0.0
0.9400000000000001,0.09961212234639126,0.0,0.0,0.0,0.003332085616053135,0.0,0.04600048149032558,0.0,0.0,0.0,0.0015538608098756529,0.0,0.10586015296427488,0.0,0.0,0.0,0.003394650493604331,0.0,0.09961212234639126,0.0,0.0,0.0,0.003332085616053135,0.0,0.05,0.0,0.0,0.0,0.04600048149032558,0.0,0.0,0.0,0.0,0.0
0.9500000000000001,0.10067072387603401,0.0,0.0,0.0,0.0033660321209891784,0.0,0.04699660271378949,0.0,0.0,0.0,0.0015871816660361843,0.0,0.10583377394457621,0.0,0.0,0.0,0.0033889641674108746,0.0,0.10067072387603401,0.0,0.0,0.0,0.0033660321209891784,0.0,0.05,0.0,0.0,0.0,0.04699660271378949,0.0,0.0,0.0,0.0,0.0
0.96,0.10172906161547977,0.0,0.0,0.0,0.0033999217626632873,0.0,0.04800330995254983,0.0,0.0,0.0,0.0016208419872460762,0.0,0.10580740149819774,0.0,0.0,0.0,0.0033832266807498125,0.0,0.10172906161547977,0.0,0.0,0.0,0.0033999217626632873,0.0,0.05,0.0,0.0,0.0,0.04800330995254983,0.0,0.0,0.0,0.0,0.0
0.97,0.10278713563046175,0.0,0.0,0.0,0.0034337540294707854,0.0,0.04902060056870463,0.0,0.0,0.0,0.001654841204872709,0.0,0.10578103562350147,0.0,0.0,0.0,0.0033774381295220875,0.0,0.10278713563046175,0.0,0.0,0.0,0.0034337540294707854,0.0,0.05,0.0,0.0,0.0,0.04902060056870463,0.0,0.0,0.0,0.0,0.0
0.98,0.10384494598669677,0.0,0.0,0.0,0.0034675284107660064,0.0,0.05004847192500925,0.0,0.0,0.0,0.0016891787451674169,0.0,0.10575467631884981,0.0,0.0,0.0,0.0033715986103979617,0.0,0.10384494598669677,0.0,0.0,0.0,0.0034675284107660064,0.0,0.05,0.0,0.0,0.0,0.05004847192500925,0.0,0.0,0.0,0.0,0.0
0.99,0.10490249274988528,0.0,0.0,0.0,0.003501244396869986,0.0,0.051086921384876215,0.0,0.0,0.0,0.0017238540292750769,0.0,0.10572832358260559,0.0,0.0,0.0,0.003365708220815415,0.0,0.10490249274988528,0.0,0.0,0.0,0.003501244396869986,0.0,0.05,0.0,0.0,0.0,0.051086921384876215,0.0,0.0,0.0,0.0,0.0
1.0,0.10595977598571134,0.0,0.0,0.0,0.00353490147907814,0.0,0.052135946312375066,0.0,0.0,0.0,0.0017588664732437766,0.0,0.10570197741313204,0.0,0.0,0.0,0.003359767058978531,0.0,0.10595977598571134,0.0,0.0,0.0,0.00353490147907814,0.0,0.05,0.0,0.0,0.0,0.052135946312375066,0.0,0.0,0.0,0.0,0.0
1.01,0.10701679575984266,0.0,0.0,0.0,0.0035684991496679253,0.0,0.053195544072232176,0.0,0.0,0.0,0.0017942154880345581,0.0,0.10567563780879283,0.0,0.0,0.0,0.0033537752238558738,0.0,0.10701679575984266,0.0,0.0,0.0,0.0035684991496679253,0.0,0.05,0.0,0.0,0.0,0.053195544072232176,0.0,0.0,0.0,0.0,0.0
1.02,0.10807355213793059,0.0,0.0,0.0,0.0036020369019064843,0.0,0.054265712029830604,0.0,0.0,0.0,0.0018299004795312374,0.0,0.105649304767952,0.0,0.0,0.0,0.0033477328151788515,0.0,0.10807355213793059,0.0,0.0,0.0,0.0036020369019064843,0.0,0.05,0.0,0.0,0.0,0.054265712029830604,0.0,0.0,0.0,0.0,0.0
1.03,0.1091300451856101,0.0,0.0,0.0,0.0036355142300582726,0.0,0.05534644755120991,0.0,0.0,0.0,0.0018659208485503022,0.0,0.10562297828897398,0.0,0.0,0.0,0.0033416399334400674,0.0,0.1091300451856101,0.0,0.0,0.0,0.0036355142300582726,0.0,0.05,0.0,0.0,0.0,0.05534644755120991,0.0,0.0,0.0,0.0,0.0
1.04,0.11018627496849985,0.0,0.0,0.0,0.0036689306293926733,0.0,0.056437748003066016,0.0,0.0,0.0,0.0019022759908508848,0.0,0.10559665837022365,0.0,0.0,0.0,0.0033354966798916615,0.0,0.11018627496849985,0.0,0.0,0.0,0.0036689306293926733,0.0,0.05,0.0,0.0,0.0,0.056437748003066016,0.0,0.0,0.0,0.0,0.0
1.05,0.11124224155220208,0.0,0.0,0.0,0.00370228559619159,0.0,0.05753961075275101,0.0,0.0,0.0,0.0019389652971448115,0.0,0.10557034501006632,0.0,0.0,0.0,0.0033293031565436405,0.0,0.11124224155220208,0.0,0.0,0.0,0.00370228559619159,0.0,0.05,0.0,0.0,0.0,0.05753961075275101,0.0,0.0,0.0,0.0,0.0
1.06,0.11229794500230275,0.0,0.0,0.0,0.0037355786277570263,0.0,0.058652033168273034,0.0,0.0,0.0,0.0019759881531067275,0.0,0.10554403820686763,0.0,0.0,0.0,0.0033230594661621954,0.0,0.11229794500230275,0.0,0.0,0.0,0.0037355786277570263,0.0,0.05,0.0,0.0,0.0,0.058652033168273034,0.0,0.0,0.0,0.0,0.0
1.07,0.11335338538437142,0.0,0.0,0.0,0.0037688092224186483,0.0,0.05977501261829606,0.0,0.0,0.0,0.0020133439393842977,0.0,0.10551773795899368,0.0,0.0,0.0,0.0033167657122680078,0.0,0.11335338538437142,0.0,0.0,0.0,0.0037688092224186483,0.0,0.05,0.0,0.0,0.0,0.05977501261829606,0.0,0.0,0.0,0.0,0.0
1.08,0.11440856276396136,0.0,0.0,0.0,0.0038019768795413285,0.0,0.06090854647213978,0.0,0.0,0.0,0.002051032031608484,0.0,0.10549144426481095,0.0,0.0,0.0,0.0033104219991345464,0.0,0.11440856276396136,0.0,0.0,0.0,0.0038019768795413285,0.0,0.05,0.0,0.0,0.0,0.06090854647213978,0.0,0.0,0.0,0.0,0.0
1.09,0.11546347720660946,0.0,0.0,0.0,0.003835081099532674,0.0,0.062052632099779396,0.0,0.0,0.0,0.0020890518004038974,0.0,0.10546515712268638,0.0,0.0,0.0,0.0033040284317863507,0.0,0.11546347720660946,0.0,0.0,0.0,0.003835081099532674,0.0,0.05,0.0,0.0,0.0,0.062052632099779396,0.0,0.0,0.0,0.0,0.0
1.1,0.11651812877783632,0.0,0.0,0.0,0.0038681213838505373,0.0,0.0632072668718455,0.0,0.0,0.0,0.0021274026113992242,0.0,0.10543887653098725,0.0,0.0,0.0,0.0032975851159973034,0.0,0.11651812877783632,0.0,0.0,0.0,0.0038681213838505373,0.0,0.05,0.0,0.0,0.0,0.0632072668718455,0.0,0.0,0.0,0.0,0.0
1.11,0.1175725175431462,0.0,0.0,0.0,0.0039010972350105103,0.0,0.06437244815962385,0.0,0.0,0.0,0.00216608382523773,0.0,0.10541260248808129,0.0,0.0,0.0,0.0032910921582888926,0.0,0.1175725175431462,0.0,0.0,0.0,0.0039010972350105103,0.0,0.05,0.0,0.0,0.0,0.06437244815962385,0.0,0.0,0.0,0.0,0.0
1.12,0.118626643568027,0.0,0.0,0.0,0.003934008156593399,0.0,0.06554817333505532,0.0,0.0,0.0,0.002205094797587835,0.0,0.10538633499233661,0.0,0.0,0.0,0.0032845496659284616,0.0,0.118626643568027,0.0,0.0,0.0,0.003934008156593399,0.0,0.05,0.0,0.0,0.0,0.06554817333505532,0.0,0.0,0.0,0.0,0.0
1.1300000000000001,0.11968050691795037,0.0,0.0,0.0,0.003966853653252684,0.0,0.06673443977073559,0.0,0.0,0.0,0.002244434879153769,0.0,0.10536007404212176,0.0,0.0,0.0,0.003277957746927449,0.0,0.11968050691795037,0.0,0.0,0.0,0.003966853653252684,0.0,0.05,0.0,0.0,0.0,0.06673443977073559,0.0,0.0,0.0,0.0,0.0
1.1400000000000001,0.12073410765837159,0.0,0.0,0.0,0.003999633230721959,0.0,0.0679312448399151,0.0,0.0,0.0,0.0022841034156862957,0.0,0.10533381963580565,0.0,0.0,0.0,0.003271316510039616,0.0,0.12073410765837159,0.0,0.0,0.0,0.003999633230721959,0.0,0.05,0.0,0.0,0.0,0.0679312448399151,0.0,0.0,0.0,0.0,0.0
1.1500000000000001,0.12178744585472964,0.0,0.0,0.0,0.004032346395822355,0.0,0.06913858591649881,0.0,0.0,0.0,0.0023240997479935153,0.0,0.10530757177175765,0.0,0.0,0.0,0.0032646260647592636,0.0,0.12178744585472964,0.0,0.0,0.0,0.004032346395822355,0.0,0.05,0.0,0.0,0.0,0.06913858591649881,0.0,0.0,0.0,0.0,0.0
1.16,0.12284052157244722,0.0,0.0,0.0,0.004064992656469948,0.0,0.0703564603750461,0.0,0.0,0.0,0.0023644232119517388,0.0,0.10528133044834748,0.0,0.0,0.0,0.0032578865213194388,0.0,0.12284052157244722,0.0,0.0,0.0,0.004064992656469948,0.0,0.05,0.0,0.0,0.0,0.0703564603750461,0.0,0.0,0.0,0.0,0.0
1.17,0.1238933348769307,0.0,0.0,0.0,0.004097571521683142,0.0,0.07158486559077057,0.0,0.0,0.0,0.002405073138516438,0.0,0.10525509566394531,0.0,0.0,0.0,0.0032510979906901286,0.0,0.1238933348769307,0.0,0.0,0.0,0.004097571521683142,0.0,0.05,0.0,0.0,0.0,0.07158486559077057,0.0,0.0,0.0,0.0,0.0
1.18,0.12494588583357015,0.0,0.0,0.0,0.004130082501590044,0.0,0.07282379893953987,0.0,0.0,0.0,0.0024460488537332696,0.0,0.10522886741692171,0.0,0.0,0.0,0.0032442605845764447,0.0,0.12494588583357015,0.0,0.0,0.0,0.004130082501590044,0.0,0.05,0.0,0.0,0.0,0.07282379893953987,0.0,0.0,0.0,0.0,0.0
1.19,0.12599817450773937,0.0,0.0,0.0,0.004162525107435809,0.0,0.07407325779787557,0.0,0.0,0.0,0.00248734967874917,0.0,0.10520264570564763,0.0,0.0,0.0,0.003237374415416795,0.0,0.12599817450773937,0.0,0.0,0.0,0.004162525107435809,0.0,0.05,0.0,0.0,0.0,0.07407325779787557,0.0,0.0,0.0,0.0,0.0
1.2,0.12705020096479586,0.0,0.0,0.0,0.004194898851589976,0.0,0.07533323954295297,0.0,0.0,0.0,0.002528974929823528,0.0,0.10517643052849447,0.0,0.0,0.0,0.0032304395963810477,0.0,0.12705020096479586,0.0,0.0,0.0,0.004194898851589976,0.0,0.05,0.0,0.0,0.0,0.07533323954295297,0.0,0.0,0.0,0.0,0.0
1.21,0.1281019652700808,0.0,0.0,0.0,0.004227203247553787,0.0,0.07660374155260093,0.0,0.0,0.0,0.0025709239183394276,0.0,0.10515022188383398,0.0,0.0,0.0,0.0032234562413686785,0.0,0.1281019652700808,0.0,0.0,0.0,0.004227203247553787,0.0,0.05,0.0,0.0,0.0,0.07660374155260093,0.0,0.0,0.0,0.0,0.0
1.22,0.12915346748891915,0.0,0.0,0.0,0.004259437809967474,0.0,0.07788476120530173,0.0,0.0,0.0,0.0026131959508149654,0.0,0.10512401977003837,0.0,0.0,0.0,0.0032164244650069135,0.0,0.12915346748891915,0.0,0.0,0.0,0.004259437809967474,0.0,0.05,0.0,0.0,0.0,0.07788476120530173,0.0,0.0,0.0,0.0,0.0
1.23,0.13020470768661954,0.0,0.0,0.0,0.0042916020546175425,0.0,0.07917629588019093,0.0,0.0,0.0,0.00265579032891464,0.0,0.1050978241854802,0.0,0.0,0.0,0.0032093443826488573,0.0,0.13020470768661954,0.0,0.0,0.0,0.0042916020546175425,0.0,0.05,0.0,0.0,0.0,0.07917629588019093,0.0,0.0,0.0,0.0,0.0
1.24,0.13125568592847434,0.0,0.0,0.0,0.0043236954984440315,0.0,0.08047834295705712,0.0,0.0,0.0,0.0026987063494608157,0.0,0.10507163512853249,0.0,0.0,0.0,0.003202216110371611,0.0,0.13125568592847434,0.0,0.0,0.0,0.0043236954984440315,0.0,0.05,0.0,0.0,0.0,0.08047834295705712,0.0,0.0,0.0,0.0,0.0
1.25,0.13230640227975965,0.0,0.0,0.0,0.004355717659547747,0.0,0.08179089981634187,0.0,0.0,0.0,0.002741943304445256,0.0,0.10504545259756863,0.0,0.0,0.0,0.003195039764974379,0.0,0.13230640227975965,0.0,0.0,0.0,0.004355717659547747,0.0,0.05,0.0,0.0,0.0,0.08179089981634187,0.0,0.0,0.0,0.0,0.0
1.26,0.13335685680573534,0.0,0.0,0.0,0.0043876680571974915,0.0,0.08311396383913947,0.0,0.0,0.0,0.0027855004810407335,0.0,0.10501927659096243,0.0,0.0,0.0,0.003187815463976567,0.0,0.13335685680573534,0.0,0.0,0.0,0.0043876680571974915,0.0,0.05,0.0,0.0,0.0,0.08311396383913947,0.0,0.0,0.0,0.0,0.0
1.27,0.13440704957164495,0.0,0.0,0.0,0.004419546211837257,0.0,0.08444753240719682,0.0,0.0,0.0,0.0028293771616127086,0.0,0.10499310710708812,0.0,0.0,0.0,0.003180543325615866,0.0,0.13440704957164495,0.0,0.0,0.0,0.004419546211837257,0.0,0.05,0.0,0.0,0.0,0.08444753240719682,0.0,0.0,0.0,0.0,0.0
1.28,0.13545698064271583,0.0,0.0,0.0,0.004451351645093415,0.0,0.08579160290291327,0.0,0.0,0.0,0.002873572623731081,0.0,0.10496694414432028,0.0,0.0,0.0,0.0031732234688463283,0.0,0.13545698064271583,0.0,0.0,0.0,0.004451351645093415,0.0,0.05,0.0,0.0,0.0,0.08579160290291327,0.0,0.0,0.0,0.0,0.0
1.29,0.13650665008415902,0.0,0.0,0.0,0.004483083879781879,0.0,0.08714617270934043,0.0,0.0,0.0,0.002918086140182015,0.0,0.10494078770103396,0.0,0.0,0.0,0.0031658560133364317,0.0,0.13650665008415902,0.0,0.0,0.0,0.004483083879781879,0.0,0.05,0.0,0.0,0.0,0.08714617270934043,0.0,0.0,0.0,0.0,0.0
1.3,0.13755605796116935,0.0,0.0,0.0,0.0045147424399152435,0.0,0.08851123921018202,0.0,0.0,0.0,0.002962916978979834,0.0,0.10491463777560459,0.0,0.0,0.0,0.003158441079467134,0.0,0.13755605796116935,0.0,0.0,0.0,0.0045147424399152435,0.0,0.05,0.0,0.0,0.0,0.08851123921018202,0.0,0.0,0.0,0.0,0.0
1.31,0.1386052043389254,0.0,0.0,0.0,0.004546326850709915,0.0,0.0898867997897937,0.0,0.0,0.0,0.0030080644033789864,0.0,0.10488849436640799,0.0,0.0,0.0,0.003150978788329913,0.0,0.1386052043389254,0.0,0.0,0.0,0.004546326850709915,0.0,0.05,0.0,0.0,0.0,0.0898867997897937,0.0,0.0,0.0,0.0,0.0
1.32,0.1396540892825895,0.0,0.0,0.0,0.004577836638593214,0.0,0.09127285183318296,0.0,0.0,0.0,0.0030535276718860857,0.0,0.10486235747182039,0.0,0.0,0.0,0.003143469261724804,0.0,0.1396540892825895,0.0,0.0,0.0,0.004577836638593214,0.0,0.05,0.0,0.0,0.0,0.09127285183318296,0.0,0.0,0.0,0.0,0.0
1.33,0.1407027128573077,0.0,0.0,0.0,0.004609271331210462,0.0,0.09266939272600885,0.0,0.0,0.0,0.003099306038272018,0.0,0.10483622709021845,0.0,0.0,0.0,0.0031359126221584153,0.0,0.1407027128573077,0.0,0.0,0.0,0.004609271331210462,0.0,0.05,0.0,0.0,0.0,0.09266939272600885,0.0,0.0,0.0,0.0,0.0
1.34,0.1417510751282099,0.0,0.0,0.0,0.004640630457432046,0.0,0.09407641985458193,0.0,0.0,0.0,0.0031453987515841224,0.0,0.10481010321997919,0.0,0.0,0.0,0.003128308992841945,0.0,0.1417510751282099,0.0,0.0,0.0,0.004640630457432046,0.0,0.05,0.0,0.0,0.0,0.09407641985458193,0.0,0.0,0.0,0.0,0.0
1.35,0.14279917616040969,0.0,0.0,0.0,0.004671913547360466,0.0,0.09549393060586403,0.0,0.0,0.0,0.0031918050561584427,0.0,0.1047839858594801,0.0,0.0,0.0,0.003120658497689179,0.0,0.14279917616040969,0.0,0.0,0.0,0.004671913547360466,0.0,0.05,0.0,0.0,0.0,0.09549393060586403,0.0,0.0,0.0,0.0,0.0
1.36,0.1438470160190045,0.0,0.0,0.0,0.004703120132337358,0.0,0.09692192236746813,0.0,0.0,0.0,0.0032385241916320475,0.0,0.10475787500709899,0.0,0.0,0.0,0.003112961261314481,0.0,0.1438470160190045,0.0,0.0,0.0,0.004703120132337358,0.0,0.05,0.0,0.0,0.0,0.09692192236746813,0.0,0.0,0.0,0.0,0.0
1.37,0.14489459476907549,0.0,0.0,0.0,0.004734249744950503,0.0,0.09836039252765817,0.0,0.0,0.0,0.003285555392955421,0.0,0.10473177066121414,0.0,0.0,0.0,0.003105217409030774,0.0,0.14489459476907549,0.0,0.0,0.0,0.004734249744950503,0.0,0.05,0.0,0.0,0.0,0.09836039252765817,0.0,0.0,0.0,0.0,0.0
1.3800000000000001,0.14594191247568764,0.0,0.0,0.0,0.00476530191904081,0.0,0.09980933847534892,0.0,0.0,0.0,0.003332897890404926,0.0,0.10470567282020422,0.0,0.0,0.0,0.003097427066847509,0.0,0.14594191247568764,0.0,0.0,0.0,0.00476530191904081,0.0,0.05,0.0,0.0,0.0,0.09980933847534892,0.0,0.0,0.0,0.0,0.0
1.3900000000000001,0.14698896920388968,0.0,0.0,0.0,0.004796276189709285,0.0,0.1012687576001058,0.0,0.0,0.0,0.0033805509095953343,0.0,0.1046795814824483,0.0,0.0,0.0,0.0030895903614686234,0.0,0.14698896920388968,0.0,0.0,0.0,0.004796276189709285,0.0,0.05,0.0,0.0,0.0,0.1012687576001058,0.0,0.0,0.0,0.0,0.0
1.4000000000000001,0.14803576501871415,0.0,0.0,0.0,0.004827172093323971,0.0,0.1027386472921447,0.0,0.0,0.0,0.003428513671492427,0.0,0.10465349664632582,0.0,0.0,0.0,0.0030817074202904894,0.0,0.14803576501871415,0.0,0.0,0.0,0.004827172093323971,0.0,0.05,0.0,0.0,0.0,0.1027386472921447,0.0,0.0,0.0,0.0,0.0
1.41,0.1490822999851774,0.0,0.0,0.0,0.004857989167526876,0.0,0.10421900494233184,0.0,0.0,0.0,0.0034767853924256666,0.0,0.10462741831021669,0.0,0.0,0.0,0.0030737783713998545,0.0,0.1490822999851774,0.0,0.0,0.0,0.004857989167526876,0.0,0.05,0.0,0.0,0.0,0.10421900494233184,0.0,0.0,0.0,0.0,0.0
1.42,0.15012857416827957,0.0,0.0,0.0,0.004888726951240875,0.0,0.10570982794218362,0.0,0.0,0.0,0.0035253652841009354,0.0,0.10460134647250117,0.0,0.0,0.0,0.0030658033435717667,0.0,0.15012857416827957,0.0,0.0,0.0,0.004888726951240875,0.0,0.05,0.0,0.0,0.0,0.10570982794218362,0.0,0.0,0.0,0.0,0.0
1.43,0.1511745876330046,0.0,0.0,0.0,0.004919384984676593,0.0,0.1072111136838664,0.0,0.0,0.0,0.003574252553613344,0.0,0.10457528113155995,0.0,0.0,0.0,0.0030577824662674953,0.0,0.1511745876330046,0.0,0.0,0.0,0.004919384984676593,0.0,0.05,0.0,0.0,0.0,0.1072111136838664,0.0,0.0,0.0,0.0,0.0
1.44,0.1522203404443202,0.0,0.0,0.0,0.004949962809339268,0.0,0.10872285956019645,0.0,0.0,0.0,0.0036234464034601097,0.0,0.1045492222857741,0.0,0.0,0.0,0.0030497158696324357,0.0,0.1522203404443202,0.0,0.0,0.0,0.004949962809339268,0.0,0.05,0.0,0.0,0.0,0.10872285956019645,0.0,0.0,0.0,0.0,0.0
1.45,0.15326583266717794,0.0,0.0,0.0,0.004980459968035592,0.0,0.11024506296463965,0.0,0.0,0.0,0.0036729460315535023,0.0,0.10452316993352512,0.0,0.0,0.0,0.0030416036844940087,0.0,0.15326583266717794,0.0,0.0,0.0,0.004980459968035592,0.0,0.05,0.0,0.0,0.0,0.11024506296463965,0.0,0.0,0.0,0.0,0.0
1.46,0.1543110643665132,0.0,0.0,0.0,0.005010876004880533,0.0,0.11177772129131143,0.0,0.0,0.0,0.003722750631233858,0.0,0.1044971240731949,0.0,0.0,0.0,0.003033446042359547,0.0,0.1543110643665132,0.0,0.0,0.0,0.005010876004880533,0.0,0.05,0.0,0.0,0.0,0.11177772129131143,0.0,0.0,0.0,0.0,0.0
1.47,0.15535603560724515,0.0,0.0,0.0,0.0050412104653041285,0.0,0.11332083193497657,0.0,0.0,0.0,0.0037728593912826633,0.0,0.10447108470316575,0.0,0.0,0.0,0.0030252430754141727,0.0,0.15535603560724515,0.0,0.0,0.0,0.0050412104653041285,0.0,0.05,0.0,0.0,0.0,0.11332083193497657,0.0,0.0,0.0,0.0,0.0
1.48,0.15640074645427682,0.0,0.0,0.0,0.005071462896058271,0.0,0.11487439229104901,0.0,0.0,0.0,0.0038232714959357044,0.0,0.10444505182182034,0.0,0.0,0.0,0.0030169949165186633,0.0,0.15640074645427682,0.0,0.0,0.0,0.005071462896058271,0.0,0.05,0.0,0.0,0.0,0.11487439229104901,0.0,0.0,0.0,0.0,0.0
1.49,0.157445196972495,0.0,0.0,0.0,0.005101632845223457,0.0,0.11643839975559178,0.0,0.0,0.0,0.003873986124896287,0.0,0.1044190254275418,0.0,0.0,0.0,0.0030087016992073118,0.0,0.157445196972495,0.0,0.0,0.0,0.005101632845223457,0.0,0.05,0.0,0.0,0.0,0.11643839975559178,0.0,0.0,0.0,0.0,0.0
1.5,0.15848938722677042,0.0,0.0,0.0,0.005131719862215531,0.0,0.11801285172531673,0.0,0.0,0.0,0.003925002453348521,0.0,0.10439300551871362,0.0,0.0,0.0,0.003000363557685769,0.0,0.15848938722677042,0.0,0.0,0.0,0.005131719862215531,0.0,0.05,0.0,0.0,0.0,0.11801285172531673,0.0,0.0,0.0,0.0,0.0
1.51,0.15953331728195755,0.0,0.0,0.0,0.005161723497792388,0.0,0.11959774559758443,0.0,0.0,0.0,0.003976319651970677,0.0,0.10436699209371972,0.0,0.0,0.0,0.002991980626828885,0.0,0.15953331728195755,0.0,0.0,0.0,0.005161723497792388,0.0,0.05,0.0,0.0,0.0,0.11959774559758443,0.0,0.0,0.0,0.0,0.0
1.52,0.16057698720289473,0.0,0.0,0.0,0.005191643304060677,0.0,0.121193078770404,0.0,0.0,0.0,0.004027936886948601,0.0,0.10434098515094438,0.0,0.0,0.0,0.0029835530421785323,0.0,0.16057698720289473,0.0,0.0,0.0,0.005191643304060677,0.0,0.05,0.0,0.0,0.0,0.121193078770404,0.0,0.0,0.0,0.0,0.0
1.53,0.16162039705440417,0.0,0.0,0.0,0.005221478834482462,0.0,0.12279884864243294,0.0,0.0,0.0,0.0040798533199892075,0.0,0.10431498468877234,0.0,0.0,0.0,0.002975080939941428,0.0,0.16162039705440417,0.0,0.0,0.0,0.005221478834482462,0.0,0.05,0.0,0.0,0.0,0.12279884864243294,0.0,0.0,0.0,0.0,0.0
1.54,0.1626635469012919,0.0,0.0,0.0,0.005251229643881876,0.0,0.12441505261297699,0.0,0.0,0.0,0.004132068108334032,0.0,0.10428899070558871,0.0,0.0,0.0,0.002966564456986935,0.0,0.1626635469012919,0.0,0.0,0.0,0.005251229643881876,0.0,0.05,0.0,0.0,0.0,0.12441505261297699,0.0,0.0,0.0,0.0,0.0
1.55,0.1637064368083478,0.0,0.0,0.0,0.005280895288451746,0.0,0.1260416880819899,0.0,0.0,0.0,0.004184580404772851,0.0,0.104263003199779,0.0,0.0,0.0,0.002958003730844865,0.0,0.1637064368083478,0.0,0.0,0.0,0.005280895288451746,0.0,0.05,0.0,0.0,0.0,0.1260416880819899,0.0,0.0,0.0,0.0,0.0
1.56,0.16474906684034557,0.0,0.0,0.0,0.005310475325760194,0.0,0.12767875245007337,0.0,0.0,0.0,0.004237389357657368,0.0,0.10423702216972913,0.0,0.0,0.0,0.002949398899703263,0.0,0.16474906684034557,0.0,0.0,0.0,0.005310475325760194,0.0,0.05,0.0,0.0,0.0,0.12767875245007337,0.0,0.0,0.0,0.0,0.0
1.57,0.16579143706204286,0.0,0.0,0.0,0.005339969314757227,0.0,0.12932624311847682,0.0,0.0,0.0,0.0042904941109149705,0.0,0.10421104761382544,0.0,0.0,0.0,0.002940750102406185,0.0,0.16579143706204286,0.0,0.0,0.0,0.005339969314757227,0.0,0.05,0.0,0.0,0.0,0.12932624311847682,0.0,0.0,0.0,0.0,0.0
1.58,0.1668335475381811,0.0,0.0,0.0,0.005369376815781289,0.0,0.13098415748909725,0.0,0.0,0.0,0.004343893804062543,0.0,0.10418507953045462,0.0,0.0,0.0,0.0029320574784514695,0.0,0.1668335475381811,0.0,0.0,0.0,0.005369376815781289,0.0,0.05,0.0,0.0,0.0,0.13098415748909725,0.0,0.0,0.0,0.0,0.0
1.59,0.16787539833348566,0.0,0.0,0.0,0.005398697390565804,0.0,0.13265249296447906,0.0,0.0,0.0,0.004397587572220356,0.0,0.10415911791800384,0.0,0.0,0.0,0.002923321167988491,0.0,0.16787539833348566,0.0,0.0,0.0,0.005398697390565804,0.0,0.05,0.0,0.0,0.0,0.13265249296447906,0.0,0.0,0.0,0.0,0.0
1.6,0.1689169895126657,0.0,0.0,0.0,0.005427930602245688,0.0,0.13433124694781393,0.0,0.0,0.0,0.004451574546126014,0.0,0.1041331627748606,0.0,0.0,0.0,0.002914541311815914,0.0,0.1689169895126657,0.0,0.0,0.0,0.005427930602245688,0.0,0.05,0.0,0.0,0.0,0.13433124694781393,0.0,0.0,0.0,0.0,0.0
1.61,0.16995832114041431,0.0,0.0,0.0,0.005457076015363847,0.0,0.13602041684294058,0.0,0.0,0.0,0.0045058538521484705,0.0,0.10410721409941281,0.0,0.0,0.0,0.0029057180513794275,0.0,0.16995832114041431,0.0,0.0,0.0,0.005457076015363847,0.0,0.05,0.0,0.0,0.0,0.13602041684294058,0.0,0.0,0.0,0.0,0.0
1.62,0.17099939328140845,0.0,0.0,0.0,0.005486133195877641,0.0,0.13772000005434473,0.0,0.0,0.0,0.004560424612302109,0.0,0.10408127189004884,0.0,0.0,0.0,0.002896851528769478,0.0,0.17099939328140845,0.0,0.0,0.0,0.005486133195877641,0.0,0.05,0.0,0.0,0.0,0.13772000005434473,0.0,0.0,0.0,0.0,0.0
1.6300000000000001,0.17204020600030895,0.0,0.0,0.0,0.005515101711165336,0.0,0.13942999398715883,0.0,0.0,0.0,0.004615285944260885,0.0,0.10405533614515743,0.0,0.0,0.0,0.0028879418867189884,0.0,0.17204020600030895,0.0,0.0,0.0,0.005515101711165336,0.0,0.05,0.0,0.0,0.0,0.13942999398715883,0.0,0.0,0.0,0.0,0.0
1.6400000000000001,0.1730807593617605,0.0,0.0,0.0,0.005543981130032526,0.0,0.14115039604716192,0.0,0.0,0.0,0.004670436961372538,0.0,0.10402940686312767,0.0,0.0,0.0,0.002878989268601067,0.0,0.1730807593617605,0.0,0.0,0.0,0.005543981130032526,0.0,0.05,0.0,0.0,0.0,0.14115039604716192,0.0,0.0,0.0,0.0,0.0
1.6500000000000001,0.17412105343039178,0.0,0.0,0.0,0.005572771022718537,0.0,0.14288120364077952,0.0,0.0,0.0,0.004725876772672864,0.0,0.10400348404234913,0.0,0.0,0.0,0.002869993818426712,0.0,0.17412105343039178,0.0,0.0,0.0,0.005572771022718537,0.0,0.05,0.0,0.0,0.0,0.14288120364077952,0.0,0.0,0.0,0.0,0.0
1.6600000000000001,0.17516108827081528,0.0,0.0,0.0,0.005601470960902804,0.0,0.14462241417508345,0.0,0.0,0.0,0.004781604482900049,0.0,0.10397756768121173,0.0,0.0,0.0,0.0028609556808424997,0.0,0.17516108827081528,0.0,0.0,0.0,0.005601470960902804,0.0,0.05,0.0,0.0,0.0,0.14462241417508345,0.0,0.0,0.0,0.0,0.0
1.67,0.1762008639476274,0.0,0.0,0.0,0.005630080517711229,0.0,0.1463740250577916,0.0,0.0,0.0,0.004837619192509077,0.0,0.10395165777810582,0.0,0.0,0.0,0.0028518750011282687,0.0,0.1762008639476274,0.0,0.0,0.0,0.005630080517711229,0.0,0.05,0.0,0.0,0.0,0.1463740250577916,0.0,0.0,0.0,0.0,0.0
1.68,0.17724038052540847,0.0,0.0,0.0,0.005658599267722512,0.0,0.14813603369726788,0.0,0.0,0.0,0.004893919997686189,0.0,0.10392575433142213,0.0,0.0,0.0,0.0028427519251947924,0.0,0.17724038052540847,0.0,0.0,0.0,0.005658599267722512,0.0,0.05,0.0,0.0,0.0,0.14813603369726788,0.0,0.0,0.0,0.0,0.0
1.69,0.17827963806872268,0.0,0.0,0.0,0.00568702678697446,0.0,0.14990843750252197,0.0,0.0,0.0,0.004950505990363414,0.0,0.10389985733955182,0.0,0.0,0.0,0.002833586599581441,0.0,0.17827963806872268,0.0,0.0,0.0,0.00568702678697446,0.0,0.05,0.0,0.0,0.0,0.14990843750252197,0.0,0.0,0.0,0.0,0.0
1.7,0.1793186366421182,0.0,0.0,0.0,0.005715362652970274,0.0,0.1516912338832092,0.0,0.0,0.0,0.005007376258233158,0.0,0.10387396680088641,0.0,0.0,0.0,0.0028243791714538387,0.0,0.1793186366421182,0.0,0.0,0.0,0.005715362652970274,0.0,0.05,0.0,0.0,0.0,0.1516912338832092,0.0,0.0,0.0,0.0,0.0
1.71,0.18035737631012705,0.0,0.0,0.0,0.0057436064446848125,0.0,0.15348442024963038,0.0,0.0,0.0,0.005064529884762861,0.0,0.10384808271381785,0.0,0.0,0.0,0.002815129788601506,0.0,0.18035737631012705,0.0,0.0,0.0,0.0057436064446848125,0.0,0.05,0.0,0.0,0.0,0.15348442024963038,0.0,0.0,0.0,0.0,0.0
1.72,0.18139585713726522,0.0,0.0,0.0,0.0057717577425708275,0.0,0.15528799401273166,0.0,0.0,0.0,0.005121965949209709,0.0,0.10382220507673848,0.0,0.0,0.0,0.0028058385994354966,0.0,0.18139585713726522,0.0,0.0,0.0,0.0057717577425708275,0.0,0.05,0.0,0.0,0.0,0.15528799401273166,0.0,0.0,0.0,0.0,0.0
1.73,0.18243407918803262,0.0,0.0,0.0,0.005799816128565182,0.0,0.1571019525841043,0.0,0.0,0.0,0.005179683526635418,0.0,0.10379633388804106,0.0,0.0,0.0,0.0027965057529860233,0.0,0.18243407918803262,0.0,0.0,0.0,0.005799816128565182,0.0,0.05,0.0,0.0,0.0,0.1571019525841043,0.0,0.0,0.0,0.0,0.0
1.74,0.18347204252691302,0.0,0.0,0.0,0.005827781186095042,0.0,0.15892629337598463,0.0,0.0,0.0,0.005237681687921069,0.0,0.1037704691461187,0.0,0.0,0.0,0.0027871313989000766,0.0,0.18347204252691302,0.0,0.0,0.0,0.005827781186095042,0.0,0.05,0.0,0.0,0.0,0.15892629337598463,0.0,0.0,0.0,0.0,0.0
1.75,0.1845097472183742,0.0,0.0,0.0,0.005855652500084043,0.0,0.16076101380125377,0.0,0.0,0.0,0.00529595949978202,0.0,0.103744610849365,0.0,0.0,0.0,0.002777715687439032,0.0,0.1845097472183742,0.0,0.0,0.0,0.005855652500084043,0.0,0.05,0.0,0.0,0.0,0.16076101380125377,0.0,0.0,0.0,0.0,0.0
1.76,0.18554719332686787,0.0,0.0,0.0,0.005883429656958434,0.0,0.16260611127343752,0.0,0.0,0.0,0.00535451602478286,0.0,0.10371875899617385,0.0,0.0,0.0,0.0027682587694762488,0.0,0.18554719332686787,0.0,0.0,0.0,0.005883429656958434,0.0,0.05,0.0,0.0,0.0,0.16260611127343752,0.0,0.0,0.0,0.0,0.0
1.77,0.1865843809168296,0.0,0.0,0.0,0.005911112244653197,0.0,0.1644615832067062,0.0,0.0,0.0,0.005413350321352445,0.0,0.10369291358493961,0.0,0.0,0.0,0.0027587607964946626,0.0,0.1865843809168296,0.0,0.0,0.0,0.005911112244653197,0.0,0.05,0.0,0.0,0.0,0.1644615832067062,0.0,0.0,0.0,0.0,0.0
1.78,0.187621310052679,0.0,0.0,0.0,0.005938699852618143,0.0,0.1663274270158745,0.0,0.0,0.0,0.005472461443798976,0.0,0.10366707461405704,0.0,0.0,0.0,0.0027492219205843636,0.0,0.187621310052679,0.0,0.0,0.0,0.005938699852618143,0.0,0.05,0.0,0.0,0.0,0.1663274270158745,0.0,0.0,0.0,0.0,0.0
1.79,0.1886579807988196,0.0,0.0,0.0,0.005966192071823986,0.0,0.1682036401164013,0.0,0.0,0.0,0.005531848442325158,0.0,0.10364124208192127,0.0,0.0,0.0,0.002739642294440171,0.0,0.1886579807988196,0.0,0.0,0.0,0.005966192071823986,0.0,0.05,0.0,0.0,0.0,0.1682036401164013,0.0,0.0,0.0,0.0,0.0
1.8,0.1896943932196388,0.0,0.0,0.0,0.005993588494768388,0.0,0.1700902199243895,0.0,0.0,0.0,0.005591510363043398,0.0,0.10361541598692786,0.0,0.0,0.0,0.002730022071359195,0.0,0.1896943932196388,0.0,0.0,0.0,0.005993588494768388,0.0,0.05,0.0,0.0,0.0,0.1700902199243895,0.0,0.0,0.0,0.0,0.0
1.81,0.19073054737950806,0.0,0.0,0.0,0.0060208887154819795,0.0,0.17198716385658588,0.0,0.0,0.0,0.005651446247991083,0.0,0.10358959632747275,0.0,0.0,0.0,0.002720361405238392,0.0,0.19073054737950806,0.0,0.0,0.0,0.0060208887154819795,0.0,0.05,0.0,0.0,0.0,0.17198716385658588,0.0,0.0,0.0,0.0,0.0
1.82,0.19176644334278278,0.0,0.0,0.0,0.006048092329534363,0.0,0.17389446933038097,0.0,0.0,0.0,0.005711655135145903,0.0,0.10356378310195229,0.0,0.0,0.0,0.002710660450572111,0.0,0.19176644334278278,0.0,0.0,0.0,0.006048092329534363,0.0,0.05,0.0,0.0,0.0,0.17389446933038097,0.0,0.0,0.0,0.0,0.0
1.83,0.1928020811738023,0.0,0.0,0.0,0.006075198934040084,0.0,0.1758121337638088,0.0,0.0,0.0,0.005772136058441246,0.0,0.1035379763087632,0.0,0.0,0.0,0.002700919362449628,0.0,0.1928020811738023,0.0,0.0,0.0,0.006075198934040084,0.0,0.05,0.0,0.0,0.0,0.1758121337638088,0.0,0.0,0.0,0.0,0.0
1.84,0.19383746093688992,0.0,0.0,0.0,0.006102208127664581,0.0,0.17774015457554682,0.0,0.0,0.0,0.005832888047781647,0.0,0.10351217594630265,0.0,0.0,0.0,0.002691138296552678,0.0,0.19383746093688992,0.0,0.0,0.0,0.006102208127664581,0.0,0.05,0.0,0.0,0.0,0.17774015457554682,0.0,0.0,0.0,0.0,0.0
1.85,0.19487258269635294,0.0,0.0,0.0,0.006129119510630107,0.0,0.17967852918491573,0.0,0.0,0.0,0.005893910129058293,0.0,0.10348638201296817,0.0,0.0,0.0,0.0026813174091529692,0.0,0.19487258269635294,0.0,0.0,0.0,0.006129119510630107,0.0,0.05,0.0,0.0,0.0,0.17967852918491573,0.0,0.0,0.0,0.0,0.0
1.86,0.19590744651648262,0.0,0.0,0.0,0.006155932684721637,0.0,0.18162725501187926,0.0,0.0,0.0,0.005955201324164594,0.0,0.10346059450715771,0.0,0.0,0.0,0.002671456857109699,0.0,0.19590744651648262,0.0,0.0,0.0,0.006155932684721637,0.0,0.05,0.0,0.0,0.0,0.18162725501187926,0.0,0.0,0.0,0.0,0.0
1.87,0.1969420524615542,0.0,0.0,0.0,0.006182647253292734,0.0,0.1835863294770441,0.0,0.0,0.0,0.00601676065101181,0.0,0.1034348134272696,0.0,0.0,0.0,0.0026615567978670526,0.0,0.1969420524615542,0.0,0.0,0.0,0.006182647253292734,0.0,0.05,0.0,0.0,0.0,0.1835863294770441,0.0,0.0,0.0,0.0,0.0
1.8800000000000001,0.19797640059582688,0.0,0.0,0.0,0.006209262821271405,0.0,0.18555575000165964,0.0,0.0,0.0,0.006078587123544737,0.0,0.10340903877170259,0.0,0.0,0.0,0.0026516173894516977,0.0,0.19797640059582688,0.0,0.0,0.0,0.006209262821271405,0.0,0.05,0.0,0.0,0.0,0.18555575000165964,0.0,0.0,0.0,0.0,0.0
1.8900000000000001,0.1990104909835439,0.0,0.0,0.0,0.006235778995165922,0.0,0.1875355140076179,0.0,0.0,0.0,0.006140679751757451,0.0,0.10338327053885582,0.0,0.0,0.0,0.002641638790470268,0.0,0.1990104909835439,0.0,0.0,0.0,0.006235778995165922,0.0,0.05,0.0,0.0,0.0,0.1875355140076179,0.0,0.0,0.0,0.0,0.0
1.9000000000000001,0.20004432368893246,0.0,0.0,0.0,0.006262195383070625,0.0,0.18952561891745334,0.0,0.0,0.0,0.0062030375417091105,0.0,0.10335750872712883,0.0,0.0,0.0,0.002631621160106843,0.0,0.20004432368893246,0.0,0.0,0.0,0.006262195383070625,0.0,0.05,0.0,0.0,0.0,0.18952561891745334,0.0,0.0,0.0,0.0,0.0
1.9100000000000001,0.20107789877620375,0.0,0.0,0.0,0.006288511594671693,0.0,0.19152606215434267,0.0,0.0,0.0,0.0062656594955398165,0.0,0.10333175333492155,0.0,0.0,0.0,0.002621564658120412,0.0,0.20107789877620375,0.0,0.0,0.0,0.006288511594671693,0.0,0.05,0.0,0.0,0.0,0.19152606215434267,0.0,0.0,0.0,0.0,0.0
1.92,0.20211121630955295,0.0,0.0,0.0,0.006314727241252897,0.0,0.1935368411421047,0.0,0.0,0.0,0.0063285446114865335,0.0,0.10330600436063433,0.0,0.0,0.0,0.0026114694448423357,0.0,0.20211121630955295,0.0,0.0,0.0,0.006314727241252897,0.0,0.05,0.0,0.0,0.0,0.1935368411421047,0.0,0.0,0.0,0.0,0.0
1.93,0.2031442763531593,0.0,0.0,0.0,0.00634084193570132,0.0,0.19555795330520023,0.0,0.0,0.0,0.006391691883899062,0.0,0.10328026180266789,0.0,0.0,0.0,0.0026013356811737977,0.0,0.2031442763531593,0.0,0.0,0.0,0.00634084193570132,0.0,0.05,0.0,0.0,0.0,0.19555795330520023,0.0,0.0,0.0,0.0,0.0
1.94,0.20417707897118598,0.0,0.0,0.0,0.006366855292513058,0.0,0.19758939606873183,0.0,0.0,0.0,0.006455100303256076,0.0,0.10325452565942338,0.0,0.0,0.0,0.0025911635285832445,0.0,0.20417707897118598,0.0,0.0,0.0,0.006366855292513058,0.0,0.05,0.0,0.0,0.0,0.19758939606873183,0.0,0.0,0.0,0.0,0.0
1.95,0.20520962422778022,0.0,0.0,0.0,0.006392766927798891,0.0,0.19963116685844368,0.0,0.0,0.0,0.006518768856181206,0.0,0.10322879592930231,0.0,0.0,0.0,0.0025809531491038226,0.0,0.20520962422778022,0.0,0.0,0.0,0.006392766927798891,0.0,0.05,0.0,0.0,0.0,0.19963116685844368,0.0,0.0,0.0,0.0,0.0
1.96,0.20624191218707325,0.0,0.0,0.0,0.0064185764592899295,0.0,0.2016832631007215,0.0,0.0,0.0,0.006582696525459195,0.0,0.10320307261070663,0.0,0.0,0.0,0.002570704705330805,0.0,0.20624191218707325,0.0,0.0,0.0,0.0064185764592899295,0.0,0.05,0.0,0.0,0.0,0.2016832631007215,0.0,0.0,0.0,0.0,0.0
1.97,0.2072739429131803,0.0,0.0,0.0,0.006444283506343238,0.0,0.20374568222259223,0.0,0.0,0.0,0.006646882290052094,0.0,0.10317735570203866,0.0,0.0,0.0,0.0025604183604190055,0.0,0.2072739429131803,0.0,0.0,0.0,0.006444283506343238,0.0,0.05,0.0,0.0,0.0,0.20374568222259223,0.0,0.0,0.0,0.0,0.0
1.98,0.20830571647020069,0.0,0.0,0.0,0.006469887689947428,0.0,0.20581842165172404,0.0,0.0,0.0,0.006711325125115526,0.0,0.10315164520170111,0.0,0.0,0.0,0.002550094278080192,0.0,0.20830571647020069,0.0,0.0,0.0,0.006469887689947428,0.0,0.05,0.0,0.0,0.0,0.20581842165172404,0.0,0.0,0.0,0.0,0.0
1.99,0.2093372329222177,0.0,0.0,0.0,0.0064953886327282296,0.0,0.20790147881642604,0.0,0.0,0.0,0.006776024002015,0.0,0.10312594110809715,0.0,0.0,0.0,0.0025397326225804866,0.0,0.2093372329222177,0.0,0.0,0.0,0.0064953886327282296,0.0,0.05,0.0,0.0,0.0,0.20790147881642604,0.0,0.0,0.0,0.0,0.0
2.0,0.21036849233329868,0.0,0.0,0.0,0.0065207859589540345,0.0,0.20999485114564823,0.0,0.0,0.0,0.006840977888342282,0.0,0.10310024341963026,0.0,0.0,0.0,0.0025293335587377587,0.0,0.21036849233329868,0.0,0.0,0.0,0.0065207859589540345,0.0,0.05,0.0,0.0,0.0,0.20999485114564823,0.0,0.0,0.0,0.0,0.0
2.0100000000000002,0.21139949476749498,0.0,0.0,0.0,0.006546079294541412,0.0,0.2120985360689812,0.0,0.0,0.0,0.006906185747931823,0.0,0.10307455213470437,0.0,0.0,0.0,0.002518897251919011,0.0,0.21139949476749498,0.0,0.0,0.0,0.006546079294541412,0.0,0.05,0.0,0.0,0.0,0.2120985360689812,0.0,0.0,0.0,0.0,0.0
2.02,0.21243024028884203,0.0,0.0,0.0,0.006571268267060602,0.0,0.21421253101665616,0.0,0.0,0.0,0.006971646540877237,0.0,0.10304886725172381,0.0,0.0,0.0,0.0025084238680377563,0.0,0.21243024028884203,0.0,0.0,0.0,0.006571268267060602,0.0,0.05,0.0,0.0,0.0,0.21421253101665616,0.0,0.0,0.0,0.0,0.0
2.0300000000000002,0.21346072896135926,0.0,0.0,0.0,0.006596352505740979,0.0,0.21633683341954457,0.0,0.0,0.0,0.0070373592235478425,0.0,0.10302318876909329,0.0,0.0,0.0,0.0024979135735513874,0.0,0.21346072896135926,0.0,0.0,0.0,0.006596352505740979,0.0,0.05,0.0,0.0,0.0,0.21633683341954457,0.0,0.0,0.0,0.0,0.0
2.04,0.2144909608490502,0.0,0.0,0.0,0.006621331641476493,0.0,0.21847144070915817,0.0,0.0,0.0,0.007103322748605252,0.0,0.10299751668521792,0.0,0.0,0.0,0.0024873665354585377,0.0,0.2144909608490502,0.0,0.0,0.0,0.006621331641476493,0.0,0.05,0.0,0.0,0.0,0.21847144070915817,0.0,0.0,0.0,0.0,0.0
2.05,0.2155209360159024,0.0,0.0,0.0,0.006646205306831078,0.0,0.22061635031764867,0.0,0.0,0.0,0.007169536065020017,0.0,0.10297185099850321,0.0,0.0,0.0,0.0024767829212964353,0.0,0.2155209360159024,0.0,0.0,0.0,0.006646205306831078,0.0,0.05,0.0,0.0,0.0,0.22061635031764867,0.0,0.0,0.0,0.0,0.0
2.06,0.21655065452588743,0.0,0.0,0.0,0.0066709731360440425,0.0,0.2227715596778077,0.0,0.0,0.0,0.007235998118088328,0.0,0.10294619170735508,0.0,0.0,0.0,0.0024661628991382483,0.0,0.21655065452588743,0.0,0.0,0.0,0.0066709731360440425,0.0,0.05,0.0,0.0,0.0,0.2227715596778077,0.0,0.0,0.0,0.0,0.0
2.07,0.21758011644296096,0.0,0.0,0.0,0.006695634765035425,0.0,0.22493706622306658,0.0,0.0,0.0,0.0073027078494487686,0.0,0.10292053881017982,0.0,0.0,0.0,0.002455506637590423,0.0,0.21758011644296096,0.0,0.0,0.0,0.006695634765035425,0.0,0.05,0.0,0.0,0.0,0.22493706622306658,0.0,0.0,0.0,0.0,0.0
2.08,0.21860932183106277,0.0,0.0,0.0,0.00672018983141133,0.0,0.2271128673874962,0.0,0.0,0.0,0.007369664197099123,0.0,0.10289489230538414,0.0,0.0,0.0,0.0024448143057900123,0.0,0.21860932183106277,0.0,0.0,0.0,0.00672018983141133,0.0,0.05,0.0,0.0,0.0,0.2271128673874962,0.0,0.0,0.0,0.0,0.0
2.09,0.2196382707541166,0.0,0.0,0.0,0.0067446379744692305,0.0,0.22929896060580682,0.0,0.0,0.0,0.007436866095413237,0.0,0.10286925219137512,0.0,0.0,0.0,0.0024340860734020013,0.0,0.2196382707541166,0.0,0.0,0.0,0.0067446379744692305,0.0,0.05,0.0,0.0,0.0,0.22929896060580682,0.0,0.0,0.0,0.0,0.0
2.1,0.22066696327603036,0.0,0.0,0.0,0.0067689788352032505,0.0,0.23149534331334798,0.0,0.0,0.0,0.007504312475157929,0.0,0.10284361846656029,0.0,0.0,0.0,0.0024233221106166173,0.0,0.22066696327603036,0.0,0.0,0.0,0.0067689788352032505,0.0,0.05,0.0,0.0,0.0,0.23149534331334798,0.0,0.0,0.0,0.0,0.0
2.11,0.22169539946069597,0.0,0.0,0.0,0.006793212056309417,0.0,0.2337020129461083,0.0,0.0,0.0,0.007572002263509961,0.0,0.10281799112934752,0.0,0.0,0.0,0.002412522588146641,0.0,0.22169539946069597,0.0,0.0,0.0,0.006793212056309417,0.0,0.05,0.0,0.0,0.0,0.2337020129461083,0.0,0.0,0.0,0.0,0.0
2.12,0.22272357937198944,0.0,0.0,0.0,0.006817337282190883,0.0,0.23591896694071524,0.0,0.0,0.0,0.007639934384073055,0.0,0.10279237017814512,0.0,0.0,0.0,0.002401687677224704,0.0,0.22272357937198944,0.0,0.0,0.0,0.006817337282190883,0.0,0.05,0.0,0.0,0.0,0.23591896694071524,0.0,0.0,0.0,0.0,0.0
2.13,0.2237515030737709,0.0,0.0,0.0,0.00684135415896313,0.0,0.23814620273443513,0.0,0.0,0.0,0.007708107756894964,0.0,0.10276675561136174,0.0,0.0,0.0,0.0023908175496005777,0.0,0.2237515030737709,0.0,0.0,0.0,0.00684135415896313,0.0,0.05,0.0,0.0,0.0,0.23814620273443513,0.0,0.0,0.0,0.0,0.0
2.14,0.2247791706298845,0.0,0.0,0.0,0.006865262334459136,0.0,0.24038371776517284,0.0,0.0,0.0,0.007776521298484595,0.0,0.1027411474274065,0.0,0.0,0.0,0.0023799123775384646,0.0,0.2247791706298845,0.0,0.0,0.0,0.006865262334459136,0.0,0.05,0.0,0.0,0.0,0.24038371776517284,0.0,0.0,0.0,0.0,0.0
2.15,0.22580658210415858,0.0,0.0,0.0,0.006889061458234521,0.0,0.2426315094714717,0.0,0.0,0.0,0.007845173921829186,0.0,0.10271554562468886,0.0,0.0,0.0,0.0023689723338142666,0.0,0.22580658210415858,0.0,0.0,0.0,0.006889061458234521,0.0,0.05,0.0,0.0,0.0,0.2426315094714717,0.0,0.0,0.0,0.0,0.0
2.16,0.22683373756040545,0.0,0.0,0.0,0.006912751181572663,0.0,0.2448895752925133,0.0,0.0,0.0,0.007914064536411532,0.0,0.10268995020161871,0.0,0.0,0.0,0.0023579975917128616,0.0,0.22683373756040545,0.0,0.0,0.0,0.006912751181572663,0.0,0.05,0.0,0.0,0.0,0.2448895752925133,0.0,0.0,0.0,0.0,0.0
2.17,0.22786063706242163,0.0,0.0,0.0,0.006936331157489792,0.0,0.24715791266811735,0.0,0.0,0.0,0.007983192048227259,0.0,0.1026643611566063,0.0,0.0,0.0,0.0023469883250253594,0.0,0.22786063706242163,0.0,0.0,0.0,0.006936331157489792,0.0,0.05,0.0,0.0,0.0,0.24715791266811735,0.0,0.0,0.0,0.0,0.0
2.18,0.2288872806739877,0.0,0.0,0.0,0.006959801040740045,0.0,0.24943651903874156,0.0,0.0,0.0,0.008052555359802156,0.0,0.10263877848806233,0.0,0.0,0.0,0.0023359447080463615,0.0,0.2288872806739877,0.0,0.0,0.0,0.006959801040740045,0.0,0.05,0.0,0.0,0.0,0.24943651903874156,0.0,0.0,0.0,0.0,0.0
2.19,0.22991366845886832,0.0,0.0,0.0,0.006983160487820508,0.0,0.2517253918454814,0.0,0.0,0.0,0.008122153370209557,0.0,0.10261320219439783,0.0,0.0,0.0,0.0023248669155712036,0.0,0.22991366845886832,0.0,0.0,0.0,0.006983160487820508,0.0,0.05,0.0,0.0,0.0,0.2517253918454814,0.0,0.0,0.0,0.0,0.0
2.2,0.2309398004808123,0.0,0.0,0.0,0.00700640915697622,0.0,0.2540245285300701,0.0,0.0,0.0,0.008191984975087763,0.0,0.10258763227402429,0.0,0.0,0.0,0.0023137551228931993,0.0,0.2309398004808123,0.0,0.0,0.0,0.00700640915697622,0.0,0.05,0.0,0.0,0.0,0.2540245285300701,0.0,0.0,0.0,0.0,0.0
2.21,0.23196567680355254,0.0,0.0,0.0,0.007029546708205152,0.0,0.25633392653487824,0.0,0.0,0.0,0.008262049066657525,0.0,0.10256206872535353,0.0,0.0,0.0,0.0023026095058008705,0.0,0.23196567680355254,0.0,0.0,0.0,0.007029546708205152,0.0,0.05,0.0,0.0,0.0,0.25633392653487824,0.0,0.0,0.0,0.0,0.0
2.22,0.23299129749080608,0.0,0.0,0.0,0.007052572803263161,0.0,0.25865358330291377,0.0,0.0,0.0,0.008332344533739577,0.0,0.10253651154679784,0.0,0.0,0.0,0.002291430240575174,0.0,0.23299129749080608,0.0,0.0,0.0,0.007052572803263161,0.0,0.05,0.0,0.0,0.0,0.25865358330291377,0.0,0.0,0.0,0.0,0.0
2.23,0.23401666260627405,0.0,0.0,0.0,0.007075487105668913,0.0,0.26098349627782186,0.0,0.0,0.0,0.008402870261772208,0.0,0.10251096073676984,0.0,0.0,0.0,0.002280217503986719,0.0,0.23401666260627405,0.0,0.0,0.0,0.007075487105668913,0.0,0.05,0.0,0.0,0.0,0.26098349627782186,0.0,0.0,0.0,0.0,0.0
2.24,0.23504177221364175,0.0,0.0,0.0,0.00709828928070878,0.0,0.2633236629038846,0.0,0.0,0.0,0.008473625132828897,0.0,0.10248541629368259,0.0,0.0,0.0,0.0022689714732929793,0.0,0.23504177221364175,0.0,0.0,0.0,0.00709828928070878,0.0,0.05,0.0,0.0,0.0,0.2633236629038846,0.0,0.0,0.0,0.0,0.0
2.25,0.23606662637657858,0.0,0.0,0.0,0.00712097899544171,0.0,0.265674080626021,0.0,0.0,0.0,0.008544608025635985,0.0,0.10245987821594953,0.0,0.0,0.0,0.002257692326235499,0.0,0.23606662637657858,0.0,0.0,0.0,0.00712097899544171,0.0,0.05,0.0,0.0,0.0,0.265674080626021,0.0,0.0,0.0,0.0,0.0
2.2600000000000002,0.23709122515873807,0.0,0.0,0.0,0.007143555918704065,0.0,0.2680347468897868,0.0,0.0,0.0,0.008615817815590402,0.0,0.10243434650198448,0.0,0.0,0.0,0.002246380241037085,0.0,0.23709122515873807,0.0,0.0,0.0,0.007143555918704065,0.0,0.05,0.0,0.0,0.0,0.2680347468897868,0.0,0.0,0.0,0.0,0.0
2.27,0.2381155686237579,0.0,0.0,0.0,0.007166019721114436,0.0,0.27040565914137416,0.0,0.0,0.0,0.008687253374777442,0.0,0.10240882115020167,0.0,0.0,0.0,0.002235035396399002,0.0,0.2381155686237579,0.0,0.0,0.0,0.007166019721114436,0.0,0.05,0.0,0.0,0.0,0.27040565914137416,0.0,0.0,0.0,0.0,0.0
2.2800000000000002,0.23913965683525992,0.0,0.0,0.0,0.0071883700750784265,0.0,0.27278681482761175,0.0,0.0,0.0,0.008758913571988587,0.0,0.10238330215901573,0.0,0.0,0.0,0.0022236579714981558,0.0,0.23913965683525992,0.0,0.0,0.0,0.0071883700750784265,0.0,0.05,0.0,0.0,0.0,0.27278681482761175,0.0,0.0,0.0,0.0,0.0
2.29,0.24016348985685007,0.0,0.0,0.0,0.007210606654793408,0.0,0.2751782113959643,0.0,0.0,0.0,0.00883079727273937,0.0,0.10235778952684167,0.0,0.0,0.0,0.0022122481459842646,0.0,0.24016348985685007,0.0,0.0,0.0,0.007210606654793408,0.0,0.05,0.0,0.0,0.0,0.2751782113959643,0.0,0.0,0.0,0.0,0.0
2.3000000000000003,0.24118706775211848,0.0,0.0,0.0,0.007232729136253251,0.0,0.2775798462945328,0.0,0.0,0.0,0.008902903339287305,0.0,0.10233228325209492,0.0,0.0,0.0,0.002200806099977035,0.0,0.24118706775211848,0.0,0.0,0.0,0.007232729136253251,0.0,0.05,0.0,0.0,0.0,0.2775798462945328,0.0,0.0,0.0,0.0,0.0
2.31,0.24221039058463945,0.0,0.0,0.0,0.007254737197253022,0.0,0.279991716972054,0.0,0.0,0.0,0.008975230630649837,0.0,0.10230678333319129,0.0,0.0,0.0,0.0021893320140633226,0.0,0.24221039058463945,0.0,0.0,0.0,0.007254737197253022,0.0,0.05,0.0,0.0,0.0,0.279991716972054,0.0,0.0,0.0,0.0,0.0
2.32,0.24323345841797137,0.0,0.0,0.0,0.007276630517393655,0.0,0.2824138208779004,0.0,0.0,0.0,0.009047778002622367,0.0,0.10228128976854697,0.0,0.0,0.0,0.002177826069294286,0.0,0.24323345841797137,0.0,0.0,0.0,0.007276630517393655,0.0,0.05,0.0,0.0,0.0,0.2824138208779004,0.0,0.0,0.0,0.0,0.0
2.33,0.24425627131565683,0.0,0.0,0.0,0.007298408778086598,0.0,0.28484615546208014,0.0,0.0,0.0,0.009120544307796304,0.0,0.10225580255657857,0.0,0.0,0.0,0.002166288447182539,0.0,0.24425627131565683,0.0,0.0,0.0,0.007298408778086598,0.0,0.05,0.0,0.0,0.0,0.28484615546208014,0.0,0.0,0.0,0.0,0.0
2.34,0.2452788293412226,0.0,0.0,0.0,0.007320071662558423,0.0,0.2872887181752367,0.0,0.0,0.0,0.00919352839557717,0.0,0.10223032169570306,0.0,0.0,0.0,0.002154719329699293,0.0,0.2452788293412226,0.0,0.0,0.0,0.007320071662558423,0.0,0.05,0.0,0.0,0.0,0.2872887181752367,0.0,0.0,0.0,0.0,0.0
2.35,0.24630113255817965,0.0,0.0,0.0,0.007341618855855416,0.0,0.28974150646864893,0.0,0.0,0.0,0.009266729112202754,0.0,0.10220484718433785,0.0,0.0,0.0,0.0021431188992714913,0.0,0.24630113255817965,0.0,0.0,0.0,0.007341618855855416,0.0,0.05,0.0,0.0,0.0,0.28974150646864893,0.0,0.0,0.0,0.0,0.0
2.36,0.24732318103002301,0.0,0.0,0.0,0.007363050044848132,0.0,0.29220451779423073,0.0,0.0,0.0,0.009340145300761308,0.0,0.10217937902090073,0.0,0.0,0.0,0.002131487338778942,0.0,0.24732318103002301,0.0,0.0,0.0,0.007363050044848132,0.0,0.05,0.0,0.0,0.0,0.29220451779423073,0.0,0.0,0.0,0.0,0.0
2.37,0.24834497482023202,0.0,0.0,0.0,0.007384364918235921,0.0,0.29467774960453097,0.0,0.0,0.0,0.009413775801209789,0.0,0.10215391720380984,0.0,0.0,0.0,0.002119824831551439,0.0,0.24834497482023202,0.0,0.0,0.0,0.007384364918235921,0.0,0.05,0.0,0.0,0.0,0.29467774960453097,0.0,0.0,0.0,0.0,0.0
2.38,0.2493665139922701,0.0,0.0,0.0,0.007405563166551435,0.0,0.2971611993527333,0.0,0.0,0.0,0.009487619450392148,0.0,0.10212846173148378,0.0,0.0,0.0,0.0021081315613658766,0.0,0.2493665139922701,0.0,0.0,0.0,0.007405563166551435,0.0,0.05,0.0,0.0,0.0,0.2971611993527333,0.0,0.0,0.0,0.0,0.0
2.39,0.25038779860958493,0.0,0.0,0.0,0.007426644482165094,0.0,0.299654864492656,0.0,0.0,0.0,0.009561675082057663,0.0,0.10210301260234152,0.0,0.0,0.0,0.0020964077124433662,0.0,0.25038779860958493,0.0,0.0,0.0,0.007426644482165094,0.0,0.05,0.0,0.0,0.0,0.299654864492656,0.0,0.0,0.0,0.0,0.0
2.4,0.2514088287356083,0.0,0.0,0.0,0.0074476085592895275,0.0,0.30215874247875185,0.0,0.0,0.0,0.009635941526879315,0.0,0.10207756981480239,0.0,0.0,0.0,0.002084653469446332,0.0,0.2514088287356083,0.0,0.0,0.0,0.0074476085592895275,0.0,0.05,0.0,0.0,0.0,0.30215874247875185,0.0,0.0,0.0,0.0,0.0
2.41,0.25242960443375634,0.0,0.0,0.0,0.0074684550939839904,0.0,0.30467283076610796,0.0,0.0,0.0,0.00971041761247221,0.0,0.10205213336728616,0.0,0.0,0.0,0.002072869017475617,0.0,0.25242960443375634,0.0,0.0,0.0,0.0074684550939839904,0.0,0.05,0.0,0.0,0.0,0.30467283076610796,0.0,0.0,0.0,0.0,0.0
2.42,0.2534501257674292,0.0,0.0,0.0,0.007489183784158747,0.0,0.30719712681044553,0.0,0.0,0.0,0.00978510216341205,0.0,0.10202670325821298,0.0,0.0,0.0,0.002061054542067566,0.0,0.2534501257674292,0.0,0.0,0.0,0.007489183784158747,0.0,0.05,0.0,0.0,0.0,0.30719712681044553,0.0,0.0,0.0,0.0,0.0
2.43,0.2544703928000113,0.0,0.0,0.0,0.007509794329579422,0.0,0.3097316280681198,0.0,0.0,0.0,0.009859994001253638,0.0,0.10200127948600338,0.0,0.0,0.0,0.0020492102291911167,0.0,0.2544703928000113,0.0,0.0,0.0,0.007509794329579422,0.0,0.05,0.0,0.0,0.0,0.3097316280681198,0.0,0.0,0.0,0.0,0.0
2.44,0.25549040559487135,0.0,0.0,0.0,0.007530286431871334,0.0,0.3122763319961199,0.0,0.0,0.0,0.009935091944549432,0.0,0.10197586204907828,0.0,0.0,0.0,0.0020373362652448762,0.0,0.25549040559487135,0.0,0.0,0.0,0.007530286431871334,0.0,0.05,0.0,0.0,0.0,0.3122763319961199,0.0,0.0,0.0,0.0,0.0
2.45,0.25651016421536216,0.0,0.0,0.0,0.007550659794523782,0.0,0.31483123605206864,0.0,0.0,0.0,0.010010394808868145,0.0,0.10195045094585904,0.0,0.0,0.0,0.002025432837054193,0.0,0.25651016421536216,0.0,0.0,0.0,0.007550659794523782,0.0,0.05,0.0,0.0,0.0,0.31483123605206864,0.0,0.0,0.0,0.0,0.0
2.46,0.25752966872482075,0.0,0.0,0.0,0.007570914122894324,0.0,0.31739633769422226,0.0,0.0,0.0,0.010085901406813383,0.0,0.10192504617476736,0.0,0.0,0.0,0.002013500131868226,0.0,0.25752966872482075,0.0,0.0,0.0,0.007570914122894324,0.0,0.05,0.0,0.0,0.0,0.31739633769422226,0.0,0.0,0.0,0.0,0.0
2.47,0.2585489191865684,0.0,0.0,0.0,0.007591049124213006,0.0,0.31997163438147047,0.0,0.0,0.0,0.010161610548042327,0.0,0.10189964773422536,0.0,0.0,0.0,0.0020015383373570006,0.0,0.2585489191865684,0.0,0.0,0.0,0.007591049124213006,0.0,0.05,0.0,0.0,0.0,0.31997163438147047,0.0,0.0,0.0,0.0,0.0
2.48,0.2595679156639107,0.0,0.0,0.0,0.007611064507586576,0.0,0.32255712357333616,0.0,0.0,0.0,0.010237521039284457,0.0,0.10187425562265552,0.0,0.0,0.0,0.00198954764160847,0.0,0.2595679156639107,0.0,0.0,0.0,0.007611064507586576,0.0,0.05,0.0,0.0,0.0,0.32255712357333616,0.0,0.0,0.0,0.0,0.0
2.49,0.26058665822013727,0.0,0.0,0.0,0.00763095998400266,0.0,0.32515280272997527,0.0,0.0,0.0,0.010313631684360322,0.0,0.1018488698384808,0.0,0.0,0.0,0.0019775282331255554,0.0,0.26058665822013727,0.0,0.0,0.0,0.00763095998400266,0.0,0.05,0.0,0.0,0.0,0.32515280272997527,0.0,0.0,0.0,0.0,0.0
2.5,0.2616051469185221,0.0,0.0,0.0,0.0076507352663339155,0.0,0.3277586693121766,0.0,0.0,0.0,0.010389941284200349,0.0,0.10182349038012442,0.0,0.0,0.0,0.0019654803008231966,0.0,0.2616051469185221,0.0,0.0,0.0,0.0076507352663339155,0.0,0.05,0.0,0.0,0.0,0.3277586693121766,0.0,0.0,0.0,0.0,0.0
2.5100000000000002,0.26262338182232337,0.0,0.0,0.0,0.0076703900693421475,0.0,0.3303747207813618,0.0,0.0,0.0,0.010466448636863688,0.0,0.10179811724601012,0.0,0.0,0.0,0.0019534040340253825,0.0,0.26262338182232337,0.0,0.0,0.0,0.0076703900693421475,0.0,0.05,0.0,0.0,0.0,0.3303747207813618,0.0,0.0,0.0,0.0,0.0
2.52,0.26364136299478347,0.0,0.0,0.0,0.007689924109682401,0.0,0.33300095459958506,0.0,0.0,0.0,0.01054315253755711,0.0,0.10177275043456195,0.0,0.0,0.0,0.001941299622462186,0.0,0.26364136299478347,0.0,0.0,0.0,0.007689924109682401,0.0,0.05,0.0,0.0,0.0,0.33300095459958506,0.0,0.0,0.0,0.0,0.0
2.5300000000000002,0.2646590904991291,0.0,0.0,0.0,0.007709337105907023,0.0,0.3356373682295329,0.0,0.0,0.0,0.010620051778653935,0.0,0.10174738994420439,0.0,0.0,0.0,0.0019291672562667872,0.0,0.2646590904991291,0.0,0.0,0.0,0.007709337105907023,0.0,0.05,0.0,0.0,0.0,0.3356373682295329,0.0,0.0,0.0,0.0,0.0
2.54,0.2656765643985712,0.0,0.0,0.0,0.007728628778469691,0.0,0.3382839591345242,0.0,0.0,0.0,0.010697145149713006,0.0,0.10172203577336231,0.0,0.0,0.0,0.0019170071259724936,0.0,0.2656765643985712,0.0,0.0,0.0,0.007728628778469691,0.0,0.05,0.0,0.0,0.0,0.3382839591345242,0.0,0.0,0.0,0.0,0.0
2.5500000000000003,0.2666937847563048,0.0,0.0,0.0,0.007747798849729416,0.0,0.3409407247785099,0.0,0.0,0.0,0.010774431437497702,0.0,0.10169668792046097,0.0,0.0,0.0,0.0019048194225097532,0.0,0.2666937847563048,0.0,0.0,0.0,0.007747798849729416,0.0,0.05,0.0,0.0,0.0,0.3409407247785099,0.0,0.0,0.0,0.0,0.0
2.56,0.2677107516355094,0.0,0.0,0.0,0.007766847043954514,0.0,0.34360766262607295,0.0,0.0,0.0,0.010851909425994996,0.0,0.10167134638392598,0.0,0.0,0.0,0.0018926043372031625,0.0,0.2677107516355094,0.0,0.0,0.0,0.007766847043954514,0.0,0.05,0.0,0.0,0.0,0.34360766262607295,0.0,0.0,0.0,0.0,0.0
2.57,0.26872746509934864,0.0,0.0,0.0,0.0077857730873265455,0.0,0.34628477014242803,0.0,0.0,0.0,0.01092957789643454,0.0,0.10164601116218343,0.0,0.0,0.0,0.0018803620617684701,0.0,0.26872746509934864,0.0,0.0,0.0,0.0077857730873265455,0.0,0.05,0.0,0.0,0.0,0.34628477014242803,0.0,0.0,0.0,0.0,0.0
2.58,0.26974392521097046,0.0,0.0,0.0,0.00780457670794423,0.0,0.34897204479342153,0.0,0.0,0.0,0.011007435627307806,0.0,0.10162068225365974,0.0,0.0,0.0,0.0018680927883095721,0.0,0.26974392521097046,0.0,0.0,0.0,0.00780457670794423,0.0,0.05,0.0,0.0,0.0,0.34897204479342153,0.0,0.0,0.0,0.0,0.0
2.59,0.2707601320335071,0.0,0.0,0.0,0.007823257635827325,0.0,0.3516694840455312,0.0,0.0,0.0,0.011085481394387248,0.0,0.10159535965678171,0.0,0.0,0.0,0.0018557967093155046,0.0,0.2707601320335071,0.0,0.0,0.0,0.007823257635827325,0.0,0.05,0.0,0.0,0.0,0.3516694840455312,0.0,0.0,0.0,0.0,0.0
2.6,0.2717760856300749,0.0,0.0,0.0,0.00784181560292048,0.0,0.3543770853658663,0.0,0.0,0.0,0.011163713970745521,0.0,0.10157004336997658,0.0,0.0,0.0,0.0018434740176574294,0.0,0.2717760856300749,0.0,0.0,0.0,0.00784181560292048,0.0,0.05,0.0,0.0,0.0,0.3543770853658663,0.0,0.0,0.0,0.0,0.0
2.61,0.27279178606377463,0.0,0.0,0.0,0.007860250343097053,0.0,0.3570948462221671,0.0,0.0,0.0,0.011242132126774726,0.0,0.10154473339167196,0.0,0.0,0.0,0.0018311249065856143,0.0,0.27279178606377463,0.0,0.0,0.0,0.007860250343097053,0.0,0.05,0.0,0.0,0.0,0.3570948462221671,0.0,0.0,0.0,0.0,0.0
2.62,0.27380723339769136,0.0,0.0,0.0,0.00787856159216291,0.0,0.35982276408280484,0.0,0.0,0.0,0.011320734630205697,0.0,0.10151942972029583,0.0,0.0,0.0,0.0018187495697264088,0.0,0.27380723339769136,0.0,0.0,0.0,0.00787856159216291,0.0,0.05,0.0,0.0,0.0,0.35982276408280484,0.0,0.0,0.0,0.0,0.0
2.63,0.27482242769489434,0.0,0.0,0.0,0.007896749087860174,0.0,0.3625608364167818,0.0,0.0,0.0,0.011399520246127327,0.0,0.10149413235427661,0.0,0.0,0.0,0.001806348201079213,0.0,0.27482242769489434,0.0,0.0,0.0,0.007896749087860174,0.0,0.05,0.0,0.0,0.0,0.3625608364167818,0.0,0.0,0.0,0.0,0.0
2.64,0.2758373690184371,0.0,0.0,0.0,0.007914812569870967,0.0,0.3653090606937307,0.0,0.0,0.0,0.011478487737005928,0.0,0.10146884129204307,0.0,0.0,0.0,0.0017939209950134437,0.0,0.2758373690184371,0.0,0.0,0.0,0.007914812569870967,0.0,0.05,0.0,0.0,0.0,0.3653090606937307,0.0,0.0,0.0,0.0,0.0
2.65,0.2768520574313575,0.0,0.0,0.0,0.007932751779821102,0.0,0.3680674343839151,0.0,0.0,0.0,0.011557635862704637,0.0,0.10144355653202439,0.0,0.0,0.0,0.0017814681462654926,0.0,0.2768520574313575,0.0,0.0,0.0,0.007932751779821102,0.0,0.05,0.0,0.0,0.0,0.3680674343839151,0.0,0.0,0.0,0.0,0.0
2.66,0.27786649299667776,0.0,0.0,0.0,0.007950566461283757,0.0,0.3708359549582287,0.0,0.0,0.0,0.011636963380502848,0.0,0.10141827807265014,0.0,0.0,0.0,0.0017689898499356805,0.0,0.27786649299667776,0.0,0.0,0.0,0.007950566461283757,0.0,0.05,0.0,0.0,0.0,0.3708359549582287,0.0,0.0,0.0,0.0,0.0
2.67,0.2788806757774043,0.0,0.0,0.0,0.007968256359783113,0.0,0.37361461988819544,0.0,0.0,0.0,0.011716469045115686,0.0,0.10139300591235026,0.0,0.0,0.0,0.0017564863014852077,0.0,0.2788806757774043,0.0,0.0,0.0,0.007968256359783113,0.0,0.05,0.0,0.0,0.0,0.37361461988819544,0.0,0.0,0.0,0.0,0.0
2.68,0.27989460583652775,0.0,0.0,0.0,0.007985821222797965,0.0,0.3764034266459695,0.0,0.0,0.0,0.011796151608713517,0.0,0.10136774004955512,0.0,0.0,0.0,0.001743957696733097,0.0,0.27989460583652775,0.0,0.0,0.0,0.007985821222797965,0.0,0.05,0.0,0.0,0.0,0.3764034266459695,0.0,0.0,0.0,0.0,0.0
2.69,0.2809082832370233,0.0,0.0,0.0,0.008003260799765296,0.0,0.37920237270433477,0.0,0.0,0.0,0.011876009820941497,0.0,0.10134248048269545,0.0,0.0,0.0,0.001731404231853132,0.0,0.2809082832370233,0.0,0.0,0.0,0.008003260799765296,0.0,0.05,0.0,0.0,0.0,0.37920237270433477,0.0,0.0,0.0,0.0,0.0
2.7,0.2819217080418503,0.0,0.0,0.0,0.008020574842083827,0.0,0.382011455536705,0.0,0.0,0.0,0.01195604242893915,0.0,0.10131722721020239,0.0,0.0,0.0,0.0017188261033707934,0.0,0.2819217080418503,0.0,0.0,0.0,0.008020574842083827,0.0,0.05,0.0,0.0,0.0,0.382011455536705,0.0,0.0,0.0,0.0,0.0
2.71,0.2829348803139523,0.0,0.0,0.0,0.008037763103117535,0.0,0.3848306726171235,0.0,0.0,0.0,0.012036248177359989,0.0,0.10129198023050746,0.0,0.0,0.0,0.0017062235081601856,0.0,0.2829348803139523,0.0,0.0,0.0,0.008037763103117535,0.0,0.05,0.0,0.0,0.0,0.3848306726171235,0.0,0.0,0.0,0.0,0.0
2.72,0.28394780011625737,0.0,0.0,0.0,0.008054825338199137,0.0,0.387660021420263,0.0,0.0,0.0,0.012116625808391164,0.0,0.10126673954204257,0.0,0.0,0.0,0.0016935966434409636,0.0,0.28394780011625737,0.0,0.0,0.0,0.008054825338199137,0.0,0.05,0.0,0.0,0.0,0.387660021420263,0.0,0.0,0.0,0.0,0.0
2.73,0.2849604675116778,0.0,0.0,0.0,0.008071761304633546,0.0,0.3904994994214256,0.0,0.0,0.0,0.012197174061773156,0.0,0.10124150514324003,0.0,0.0,0.0,0.0016809457067752487,0.0,0.2849604675116778,0.0,0.0,0.0,0.008071761304633546,0.0,0.05,0.0,0.0,0.0,0.3904994994214256,0.0,0.0,0.0,0.0,0.0
2.74,0.2859728825631102,0.0,0.0,0.0,0.008088570761701299,0.0,0.3933491040965424,0.0,0.0,0.0,0.012277891674819491,0.0,0.10121627703253254,0.0,0.0,0.0,0.0016682708960645471,0.0,0.2859728825631102,0.0,0.0,0.0,0.008088570761701299,0.0,0.05,0.0,0.0,0.0,0.3933491040965424,0.0,0.0,0.0,0.0,0.0
2.75,0.28698504533343555,0.0,0.0,0.0,0.008105253470661945,0.0,0.3962088329221735,0.0,0.0,0.0,0.012358777382436504,0.0,0.10119105520835317,0.0,0.0,0.0,0.0016555724095466571,0.0,0.28698504533343555,0.0,0.0,0.0,0.008105253470661945,0.0,0.05,0.0,0.0,0.0,0.3962088329221735,0.0,0.0,0.0,0.0,0.0
2.7600000000000002,0.2879969558855191,0.0,0.0,0.0,0.008121809194757412,0.0,0.3990786833755079,0.0,0.0,0.0,0.012439829917143123,0.0,0.10116583966913541,0.0,0.0,0.0,0.0016428504457925755,0.0,0.2879969558855191,0.0,0.0,0.0,0.008121809194757412,0.0,0.05,0.0,0.0,0.0,0.3990786833755079,0.0,0.0,0.0,0.0,0.0
2.77,0.2890086142822105,0.0,0.0,0.0,0.008138237699215338,0.0,0.40195865293436306,0.0,0.0,0.0,0.012521048009090697,0.0,0.10114063041331312,0.0,0.0,0.0,0.0016301052037033972,0.0,0.2890086142822105,0.0,0.0,0.0,0.008138237699215338,0.0,0.05,0.0,0.0,0.0,0.40195865293436306,0.0,0.0,0.0,0.0,0.0
2.7800000000000002,0.29002002058634363,0.0,0.0,0.0,0.008154538751252372,0.0,0.40484873907718516,0.0,0.0,0.0,0.012602430386082851,0.0,0.10111542743932055,0.0,0.0,0.0,0.0016173368825072119,0.0,0.29002002058634363,0.0,0.0,0.0,0.008154538751252372,0.0,0.05,0.0,0.0,0.0,0.40484873907718516,0.0,0.0,0.0,0.0,0.0
2.79,0.2910311748607368,0.0,0.0,0.0,0.008170712120077445,0.0,0.4077489392830486,0.0,0.0,0.0,0.012683975773595375,0.0,0.10109023074559235,0.0,0.0,0.0,0.0016045456817559956,0.0,0.2910311748607368,0.0,0.0,0.0,0.008170712120077445,0.0,0.05,0.0,0.0,0.0,0.4077489392830486,0.0,0.0,0.0,0.0,0.0
2.8000000000000003,0.29204207716819275,0.0,0.0,0.0,0.008186757576895005,0.0,0.41065925103165596,0.0,0.0,0.0,0.012765682894796149,0.0,0.10106504033056359,0.0,0.0,0.0,0.0015917318013224965,0.0,0.29204207716819275,0.0,0.0,0.0,0.008186757576895005,0.0,0.05,0.0,0.0,0.0,0.41065925103165596,0.0,0.0,0.0,0.0,0.0
2.81,0.29305272757149836,0.0,0.0,0.0,0.00820267489490823,0.0,0.4135796718033379,0.0,0.0,0.0,0.012847550470565098,0.0,0.10103985619266964,0.0,0.0,0.0,0.0015788954413971192,0.0,0.29305272757149836,0.0,0.0,0.0,0.00820267489490823,0.0,0.05,0.0,0.0,0.0,0.4135796718033379,0.0,0.0,0.0,0.0,0.0
2.82,0.29406312613342506,0.0,0.0,0.0,0.0082184638493222,0.0,0.41651019907905285,0.0,0.0,0.0,0.01292957721951418,0.0,0.10101467833034637,0.0,0.0,0.0,0.0015660368024848002,0.0,0.29406312613342506,0.0,0.0,0.0,0.0082184638493222,0.0,0.05,0.0,0.0,0.0,0.41651019907905285,0.0,0.0,0.0,0.0,0.0
2.83,0.2950732729167285,0.0,0.0,0.0,0.008234124217347047,0.0,0.4194508303403871,0.0,0.0,0.0,0.013011761858007403,0.0,0.10098950674202994,0.0,0.0,0.0,0.0015531560854018835,0.0,0.2950732729167285,0.0,0.0,0.0,0.008234124217347047,0.0,0.05,0.0,0.0,0.0,0.4194508303403871,0.0,0.0,0.0,0.0,0.0
2.84,0.2960831679841488,0.0,0.0,0.0,0.008249655778201066,0.0,0.4224015630695544,0.0,0.0,0.0,0.013094103100180873,0.0,0.10096434142615698,0.0,0.0,0.0,0.0015402534912729903,0.0,0.2960831679841488,0.0,0.0,0.0,0.008249655778201066,0.0,0.05,0.0,0.0,0.0,0.4224015630695544,0.0,0.0,0.0,0.0,0.0
2.85,0.2970928113984104,0.0,0.0,0.0,0.008265058313113796,0.0,0.4253623947493959,0.0,0.0,0.0,0.013176599657962884,0.0,0.10093918238116448,0.0,0.0,0.0,0.0015273292215278816,0.0,0.2970928113984104,0.0,0.0,0.0,0.008265058313113796,0.0,0.05,0.0,0.0,0.0,0.4253623947493959,0.0,0.0,0.0,0.0,0.0
2.86,0.29810220322222203,0.0,0.0,0.0,0.008280331605329075,0.0,0.42833332286338,0.0,0.0,0.0,0.013259250241094022,0.0,0.10091402960548979,0.0,0.0,0.0,0.0015143834778983236,0.0,0.29810220322222203,0.0,0.0,0.0,0.008280331605329075,0.0,0.05,0.0,0.0,0.0,0.42833332286338,0.0,0.0,0.0,0.0,0.0
2.87,0.29911134351827695,0.0,0.0,0.0,0.008295475440108058,0.0,0.4313143448956022,0.0,0.0,0.0,0.013342053557147312,0.0,0.10088888309757067,0.0,0.0,0.0,0.0015014164624149386,0.0,0.29911134351827695,0.0,0.0,0.0,0.008295475440108058,0.0,0.05,0.0,0.0,0.0,0.4313143448956022,0.0,0.0,0.0,0.0,0.0
2.88,0.30012023234925267,0.0,0.0,0.0,0.008310489604732208,0.0,0.434305458330785,0.0,0.0,0.0,0.013425008311548393,0.0,0.1008637428558453,0.0,0.0,0.0,0.0014884283774040628,0.0,0.30012023234925267,0.0,0.0,0.0,0.008310489604732208,0.0,0.05,0.0,0.0,0.0,0.434305458330785,0.0,0.0,0.0,0.0,0.0
2.89,0.3011288697778111,0.0,0.0,0.0,0.008325373888506248,0.0,0.43730666065427753,0.0,0.0,0.0,0.013508113207595715,0.0,0.10083860887875222,0.0,0.0,0.0,0.0014754194254845924,0.0,0.3011288697778111,0.0,0.0,0.0,0.008325373888506248,0.0,0.05,0.0,0.0,0.0,0.43730666065427753,0.0,0.0,0.0,0.0,0.0
2.9,0.3021372558665986,0.0,0.0,0.0,0.008340128082761094,0.0,0.44031794935205565,0.0,0.0,0.0,0.013591366946480778,0.0,0.10081348116473035,0.0,0.0,0.0,0.001462389809564828,0.0,0.3021372558665986,0.0,0.0,0.0,0.008340128082761094,0.0,0.05,0.0,0.0,0.0,0.44031794935205565,0.0,0.0,0.0,0.0,0.0
2.91,0.3031453906782459,0.0,0.0,0.0,0.008354751980856742,0.0,0.4433393219107216,0.0,0.0,0.0,0.01367476822730839,0.0,0.10078835971221901,0.0,0.0,0.0,0.0014493397328393175,0.0,0.3031453906782459,0.0,0.0,0.0,0.008354751980856742,0.0,0.05,0.0,0.0,0.0,0.4433393219107216,0.0,0.0,0.0,0.0,0.0
2.92,0.3041532742753681,0.0,0.0,0.0,0.008369245378185135,0.0,0.44637077581750406,0.0,0.0,0.0,0.013758315747116957,0.0,0.10076324451965793,0.0,0.0,0.0,0.001436269398785689,0.0,0.3041532742753681,0.0,0.0,0.0,0.008369245378185135,0.0,0.05,0.0,0.0,0.0,0.44637077581750406,0.0,0.0,0.0,0.0,0.0
2.93,0.3051609067205647,0.0,0.0,0.0,0.008383608072172992,0.0,0.44941230856025777,0.0,0.0,0.0,0.01384200820089881,0.0,0.10073813558548718,0.0,0.0,0.0,0.001423179011161488,0.0,0.3051609067205647,0.0,0.0,0.0,0.008383608072172992,0.0,0.05,0.0,0.0,0.0,0.44941230856025777,0.0,0.0,0.0,0.0,0.0
2.94,0.30616828807641955,0.0,0.0,0.0,0.008397839862284607,0.0,0.4524639176274634,0.0,0.0,0.0,0.013925844281620539,0.0,0.10071303290814727,0.0,0.0,0.0,0.0014100687740010026,0.0,0.30616828807641955,0.0,0.0,0.0,0.008397839862284607,0.0,0.05,0.0,0.0,0.0,0.4524639176274634,0.0,0.0,0.0,0.0,0.0
2.95,0.307175418405501,0.0,0.0,0.0,0.008411940550024618,0.0,0.4555256005082276,0.0,0.0,0.0,0.014009822680243386,0.0,0.10068793648607907,0.0,0.0,0.0,0.0013969388916120927,0.0,0.307175418405501,0.0,0.0,0.0,0.008411940550024618,0.0,0.05,0.0,0.0,0.0,0.4555256005082276,0.0,0.0,0.0,0.0,0.0
2.96,0.30818229777036177,0.0,0.0,0.0,0.008425909938940738,0.0,0.45859735469228263,0.0,0.0,0.0,0.014093942085743633,0.0,0.10066284631772385,0.0,0.0,0.0,0.0013837895685730062,0.0,0.30818229777036177,0.0,0.0,0.0,0.008425909938940738,0.0,0.05,0.0,0.0,0.0,0.45859735469228263,0.0,0.0,0.0,0.0,0.0
2.97,0.309188926233539,0.0,0.0,0.0,0.008439747834626468,0.0,0.46167917766998623,0.0,0.0,0.0,0.01417820118513304,0.0,0.10063776240152326,0.0,0.0,0.0,0.001370621009729203,0.0,0.309188926233539,0.0,0.0,0.0,0.008439747834626468,0.0,0.05,0.0,0.0,0.0,0.46167917766998623,0.0,0.0,0.0,0.0,0.0
2.98,0.3101953038575542,0.0,0.0,0.0,0.00845345404472376,0.0,0.4647710669323216,0.0,0.0,0.0,0.014262598663479306,0.0,0.10061268473591933,0.0,0.0,0.0,0.0013574334201901643,0.0,0.3101953038575542,0.0,0.0,0.0,0.00845345404472376,0.0,0.05,0.0,0.0,0.0,0.4647710669323216,0.0,0.0,0.0,0.0,0.0
2.99,0.3112014307049134,0.0,0.0,0.0,0.008467028378925661,0.0,0.46787301997089714,0.0,0.0,0.0,0.014347133203926544,0.0,0.10058761331935451,0.0,0.0,0.0,0.0013442270053262064,0.0,0.3112014307049134,0.0,0.0,0.0,0.008467028378925661,0.0,0.05,0.0,0.0,0.0,0.46787301997089714,0.0,0.0,0.0,0.0,0.0
3.0,0.31220730683810693,0.0,0.0,0.0,0.008480470648978923,0.0,0.4709850342779463,0.0,0.0,0.0,0.0144318034877158,0.0,0.1005625481502716,0.0,0.0,0.0,0.0013310019707652877,0.0,0.31220730683810693,0.0,0.0,0.0,0.008480470648978923,0.0,0.05,0.0,0.0,0.0,0.4709850342779463,0.0,0.0,0.0,0.0,0.0
