Time,X,Y,Z,Reference X,Reference Y,Reference Z,Error,u0,u1,u2,u3,deltaT
0.0,0.0,0.0,0.0,5.0,5.0,5.0,8.659744294906229,0.004999999999870859,0.004999999999870826,0.004999999999767554,-0.0,0.7894437313079834
0.25,0.000337836245138094,0.0003378320906407126,0.00020723346907817623,5.0,5.0,5.0,8.655230480763885,0.004999999999963975,0.004999999999963968,0.00499999999993551,-0.0,0.6580967903137207
0.5,0.0033425721246952565,0.0033423218397483807,0.002016279449783468,5.0,5.0,5.0,8.646846013102914,0.004999999996327993,0.004999999996327228,0.00499999999343408,-0.0,0.6545975208282471
0.75,0.008948756333595115,0.008947678169452905,0.005327820751425823,5.0,5.0,5.0,8.634719178314217,0.004999999998693514,0.0049999999986932485,0.004999999997664441,-0.0,0.6583347320556641
1.0,0.01709250853079312,0.0170897835767397,0.01004869814623422,5.0,5.0,5.0,8.618973426838203,0.004999999998425733,0.004999999998425395,0.004999999997193861,-0.0,0.6535892486572266
1.25,0.02771145953730989,0.027706168049893693,0.016091528561404556,5.0,5.0,5.0,8.599727651880164,0.004999999998646048,0.004999999998645767,0.0049999999975928805,-0.0,0.653923749923706
1.5,0.040744702534833525,0.040735972914783494,0.02337434693601645,5.0,5.0,5.0,8.577096451999733,0.004999999998669053,0.004999999998668768,0.004999999997643789,-0.0,0.6541671752929688
1.75,0.05613275659246715,0.05611990439064198,0.03182027028952848,5.0,5.0,5.0,8.55119037807853,0.004999999998531645,0.004999999998531503,0.004999999997440924,-0.0,0.6547155380249023
2.0,0.07381754209672688,0.07380017831120929,0.04135718261718007,5.0,5.0,5.0,8.52211616521512,0.004999999998444526,0.004999999998444187,0.004999999997263059,-0.0,0.6535282135009766
2.25,0.09374236602545524,0.09372045892067746,0.05191743932320253,5.0,5.0,5.0,8.489976950240157,0.004999999998376618,0.004999999998376247,0.004999999997158114,-0.0,0.6535837650299072
2.5,0.11585191369457817,0.11582579563067062,0.06343758998010181,5.0,5.0,5.0,8.454872475731367,0.004999999998605444,0.004999999998605142,0.004999999997571498,-0.0,0.6541521549224854
2.75,0.14009224282321217,0.1400625619993206,0.07585811827765057,5.0,5.0,5.0,8.41689928160546,0.004999999998730415,0.0049999999987301496,0.004999999997790625,-0.0,0.6541504859924316
3.0,0.1664107756142897,0.16637840091791165,0.08912319809588824,5.0,5.0,5.0,8.376150885536127,0.004999999999003585,0.00499999999900336,0.004999999998271513,-0.0,0.6529154777526855
3.25,0.19475628504523698,0.19472217911599032,0.10318046470205075,5.0,5.0,5.0,8.332717953557694,0.004999999999065239,0.004999999999065026,0.004999999998386806,-0.0,0.6540014743804932
3.5,0.2250788726229927,0.22504395276629588,0.1179808001342625,5.0,5.0,5.0,8.286688462245895,0.004999999999162703,0.004999999999162514,0.004999999998562901,-0.0,0.6536843776702881
3.75,0.25732993630768847,0.2572949443908157,0.13347813189182312,5.0,5.0,5.0,8.23814785380428,0.004999999999199855,0.004999999999199677,0.004999999998634611,-0.0,0.653775691986084
4.0,0.2914621289288524,0.29142752968456487,0.14962924410757372,5.0,5.0,5.0,8.187179185239003,0.004999999999197097,0.0049999999991969185,0.004999999998638268,-0.0,0.8084385395050049
4.25,0.327429308956785,0.3273952315190206,0.16639360042798584,5.0,5.0,5.0,8.133863272588744,0.004999999999183849,0.004999999999183669,0.0049999999986246975,-0.0,0.6526727676391602
4.5,0.36518648672307513,0.3651527174658417,0.18373317787527457,5.0,5.0,5.0,8.078278830923482,0.0049999999991786675,0.004999999999178485,0.004999999998625303,-0.0,0.6529912948608398
4.75,0.4046897699257618,0.40465579682260233,0.20161231101056326,5.0,5.0,5.0,8.020502610568588,0.004999999999179821,0.004999999999179639,0.0049999999986369585,-0.0,0.6537857055664062
5.0,0.44589631240430705,0.44586141337150204,0.21999754575939373,5.0,5.0,5.0,7.960609529785215,0.004999999999174997,0.004999999999174813,0.004999999998639177,-0.0,0.653876781463623
5.25,0.4887642697145238,0.4887276309113792,0.23885750230048353,5.0,5.0,5.0,7.898672803974478,0.004999999999138311,0.004999999999138115,0.004999999998589923,-0.0,0.6542465686798096
5.5,0.533252764052629,0.5332136098417665,0.2581627464557868,5.0,5.0,5.0,7.834764071392346,0.004999999999052883,0.004999999999052666,0.004999999998463406,-0.0,0.6544344425201416
5.75,0.5793218597271533,0.5792795745517118,0.2778856690547524,5.0,5.0,5.0,7.76895351537293,0.00499999999889333,0.004999999998893033,0.00499999999821944,-0.0,0.6549451351165771
6.0,0.6269325488669912,0.626886772850026,0.29800037277836483,5.0,5.0,5.0,7.70130998315462,0.004999999998557598,0.004999999998557192,0.004999999997701821,-0.0,0.6531317234039307
6.25,0.6760467456133511,0.6759974299441247,0.3184825660191854,5.0,5.0,5.0,7.631901101568846,0.004999999997984737,0.004999999997984338,0.004999999996821518,-0.0,0.6543600559234619
6.5,0.7266272858883933,0.7265747003442691,0.3393094633223607,5.0,5.0,5.0,7.560793390057537,0.0049999999960066805,0.004999999996005591,0.004999999993572194,-0.0,0.6547238826751709
6.75,0.7786379291329184,0.7785826214147692,0.3604596919995268,5.0,5.0,5.0,7.488052371700196,0.004999999999952078,0.004999999999952066,0.004999999999925933,-0.0,0.6537327766418457
7.0,0.8320433582574677,0.8319860720707396,0.3819132045329717,5.0,5.0,5.0,7.413742683118017,0.004999999999746033,0.004999999999745967,0.004999999999611736,-0.0,0.654106855392456
7.25,0.8868091744710369,0.8867507393738329,0.40365119641376723,5.0,5.0,5.0,7.337928184283733,0.0049999999993763896,0.004999999999376216,0.004999999999057454,-0.0,0.6538023948669434
7.5,0.9429018845491267,0.9428430946164964,0.42565602906717503,5.0,5.0,5.0,7.260672069293402,0.004999999998936259,0.00499999999893602,0.004999999998410797,-0.0,0.6547706127166748
7.75,1.0002888793848037,1.000230379133647,0.4479111575630371,5.0,5.0,5.0,7.182036979185147,0.004999999996638975,0.004999999996426475,0.004999999994233708,-0.0,0.6541991233825684
8.0,1.0589384040554088,1.0588805986714365,0.47040106280642396,5.0,5.0,5.0,7.102085117790314,0.004999999999419919,0.004999999999415912,0.004999999999156997,-0.0,0.6540577411651611
8.25,1.1188195209967466,1.1187625239619854,0.49311118793232256,5.0,5.0,5.0,7.020878371461652,0.004999999999192937,0.004999999999190405,0.004999999998842818,-0.0,0.6545658111572266
8.5,1.179902068963494,1.1798456943361908,0.5160278786474505,5.0,5.0,5.0,6.9384784333793,0.004999999999039371,0.004999999999039274,0.004999999998641389,-0.0,0.6556015014648438
8.75,1.2421566211044572,1.242100420862994,0.5391383272642813,5.0,5.0,5.0,6.854946932930111,0.004999999998950968,0.004999999998950909,0.004999999998537909,-0.0,0.6554102897644043
9.0,1.3055544456496813,1.3054977857268237,0.5624305202104489,5.0,5.0,5.0,6.77034557055255,0.004999999999427175,0.004999999999425194,0.004999999999216955,-0.0,0.6551735401153564
9.25,1.3700674723073782,1.3700096352276563,0.5858931887912441,5.0,5.0,5.0,6.684736258344627,0.0049999999995298154,0.004999999999527508,0.004999999999367612,-0.0,0.6549651622772217
9.5,1.4356682666333915,1.435608564867993,0.6095157630050996,5.0,5.0,5.0,6.5981812667294575,0.00499999999951693,0.004999999999516906,0.004999999999359972,-0.0,0.6558012962341309
9.75,1.502330013462585,1.5022678962713416,0.6332883282221615,5.0,5.0,5.0,6.510743377541793,0.004999999999699128,0.004999999999699104,0.004999999999608449,-0.0,0.6557135581970215
10.0,1.5700265091765468,1.569961646976465,0.6572015845493945,5.0,5.0,5.0,6.422486044046138,0.004999999999739663,0.004999999999739634,0.004999999999667509,-0.0,0.6545374393463135
10.25,1.6387321613180184,1.63866449526732,0.6812468087151493,5.0,5.0,5.0,6.333473558596438,0.0049999999998907385,0.004999999999890718,0.004999999999863188,-0.0,0.6551079750061035
10.5,1.708421993044303,1.7083517429709842,0.7054158183167919,5.0,5.0,5.0,6.24377122887635,0.0049999999998554786,0.004999999999855451,0.0049999999998227235,-0.0,0.6553997993469238
10.75,1.779071649286998,1.7789992794729719,0.7297009382852748,5.0,5.0,5.0,6.1534455638917676,0.004999999999841599,0.004999999999841568,0.004999999999809829,-0.0,0.6549744606018066
11.0,1.8506574013391506,1.850583550019166,0.7540949694288362,5.0,5.0,5.0,6.062564471088027,0.004999999999879766,0.004999999999879742,0.004999999999858863,-0.0,0.6542787551879883
11.25,1.9231561469407785,1.923081530735112,0.7785911589272531,5.0,5.0,5.0,5.97119746611344,0.004999999999770479,0.00499999999977043,0.004999999999736862,-0.0,0.6548728942871094
11.5,1.9965454037152537,1.99647071179698,0.8031831726554644,5.0,5.0,5.0,5.879415896825866,0.004999999999819469,0.004999999999819429,0.0049999999997980904,-0.0,0.6559762954711914
11.75,2.070803294900199,2.0707290889928056,0.8278650692231614,5.0,5.0,5.0,5.787293183133433,0.004999999999663944,0.004999999999663771,0.004999999999633663,-0.0,0.6558017730712891
12.0,2.145908527546792,2.1458351626996914,0.8526312756241354,5.0,5.0,5.0,5.6949050741764475,0.004999999999475777,0.004999999999490989,0.004999999999463122,-0.0,0.655261754989624
12.25,2.2218403645424827,2.221767942254497,0.8774765643952507,5.0,5.0,5.0,5.602329924200459,0.004999999998993697,0.0049999999990425,0.004999999999021746,-0.0,0.6556806564331055
12.5,2.2985785927699056,2.29850695296966,0.9023960321917852,5.0,5.0,5.0,5.509648988260239,0.00499999999876424,0.004999999998877499,0.00499999999888717,-0.0,0.6548025608062744
12.75,2.3761034903054314,2.376032242742531,0.9273850796910652,5.0,5.0,5.0,5.416946738641417,0.004999999999821806,0.004999999999836421,0.004999999999842631,-0.0,0.6543729305267334
13.0,2.4543957957053393,2.454324385368093,0.9524393927423784,5.0,5.0,5.0,5.324311202608969,0.004999999995580606,0.0049999999955799125,0.004999999995864586,-0.0,0.653242826461792
13.25,2.5334366821078227,2.5333644782551175,0.977554924685427,5.0,5.0,5.0,5.231834321790211,0.004999999998682863,0.004999999998680318,0.004999999998811073,-0.0,0.6540358066558838
13.5,2.6132077381530268,2.613134133171128,1.0027278797639134,5.0,5.0,5.0,5.13961233315079,0.004999999999719044,0.004999999999720389,0.004999999999756695,-0.0,0.6544110774993896
13.75,2.693690956719884,2.6936154597688224,1.0279546975717058,5.0,5.0,5.0,5.047746171172882,0.004999999999130904,0.004999999999130749,0.004999999999274575,-0.0,0.6551072597503662
14.0,2.774868731303426,2.7747910427547846,1.0532320384579321,5.0,5.0,5.0,4.95634189032792,0.004999999985838403,0.004999999985835839,0.004999999988674915,-0.0,0.6542098522186279
14.25,2.8567238587814923,2.856643914574718,1.0785567698392917,5.0,5.0,5.0,4.865511106350174,0.0049999999998995405,0.004999999999899523,0.004999999999923254,-0.0,0.6549952030181885
14.5,2.9392395464022614,2.939157526154972,1.1039259533601218,5.0,5.0,5.0,4.775371453971739,0.004999999999883588,0.0049999999998835256,0.004999999999915618,-0.0,0.654991865158081
14.75,3.022399420291774,3.0223157185559435,1.1293368328573263,5.0,5.0,5.0,4.686047057788949,0.004999999999953879,0.004999999999953872,0.004999999999968182,-0.0,0.6546659469604492
15.0,3.1061875325663397,3.1061026981765485,1.1547868230550402,5.0,5.0,5.0,4.597669011367469,0.0049999999999420204,0.004999999999942012,0.004999999999962213,-0.0,0.654632568359375
15.25,3.1905883645393476,3.190503017715998,1.1802734989722867,5.0,5.0,5.0,4.51037585798102,0.004999999999929409,0.004999999999929399,0.004999999999956741,-0.0,0.6546847820281982
15.5,3.2755868240915413,3.2755015641455674,1.2057945859841823,5.0,5.0,5.0,4.424314064034474,0.0049999999998606775,0.004999999999860657,0.004999999999920132,-0.0,0.6548774242401123
15.75,3.361168236258582,3.36108355394165,1.231347950499423,5.0,5.0,5.0,4.339638473428363,0.004999999999938244,0.004999999999938235,0.004999999999967106,-0.0,0.6552107334136963
16.0,3.447318327154634,3.4472345347634494,1.2569315912157724,5.0,5.0,5.0,4.25651272779213,0.004999999999863042,0.004999999999863023,0.0049999999999327084,-0.0,0.6546461582183838
16.25,3.534023202386212,3.5339403918379095,1.2825436309177694,5.0,5.0,5.0,4.175109633672325,0.004999999990822725,0.004999999990919358,0.004999999996969272,-0.0,0.6543371677398682
16.5,3.6212693219528,3.6211873566685235,1.308182308782809,5.0,5.0,5.0,4.095611453465779,0.0049999999917588875,0.004999999991770678,0.004999999998119317,-0.0,0.6545796394348145
16.75,3.7090434741581726,3.7089620154077125,1.3338459731639272,5.0,5.0,5.0,4.018210092242904,0.004999999990994943,0.004999999990995141,0.004999999996740932,-0.0,0.6541664600372314
17.0,3.7973327512089066,3.797251314373975,1.3595330748222885,5.0,5.0,5.0,3.943107147860617,0.004999999991193607,0.004999999991193734,0.004999999997209722,-0.0,0.6533315181732178
17.25,3.8861245288733883,3.8860425606631646,1.3852421605758873,5.0,5.0,5.0,3.870513787091991,0.004999999992984888,0.004999999992984336,0.004999999998097723,-0.0,0.654271125793457
17.5,3.9754064519968333,3.975323416648077,1.4109718673449076,5.0,5.0,5.0,3.8006504064522835,0.004999999963391102,0.004999999963398875,0.00499999999177209,-0.0,0.6548895835876465
17.75,4.065166426757676,4.065081888101831,1.4367209165643986,5.0,5.0,5.0,3.733746033410246,0.0049999999999549025,0.004999999999954906,0.004999999999992043,-0.0,0.6552011966705322
18.0,4.155392619556553,4.155306306678879,1.462488108942851,5.0,5.0,5.0,3.6700374224501227,0.0049999999998016865,0.004999999999801706,0.0049999999999747165,-0.0,0.6544742584228516
18.25,4.246073461518645,4.245985308409384,1.4882723195521874,5.0,5.0,5.0,3.6097678019753765,0.004999999998525896,0.004999999998525997,0.004999999999878332,-0.0,0.6558973789215088
18.5,4.337197656611208,4.337107810282993,1.5140724932109306,5.0,5.0,5.0,3.5531852328046685,0.004999999995426145,0.004999999995426547,0.0049999999997912626,-0.0,0.6550936698913574
18.75,4.4287541911616195,4.428662987544052,1.5398876401620047,5.0,5.0,5.0,3.500540548517821,0.004999999999520337,0.004999999999517308,0.004999999999993233,-0.0,0.6555869579315186
19.0,4.520732342197464,4.52064025397881,1.565716832016262,5.0,5.0,5.0,3.452236454969616,-0.0049999999990411065,-0.004999999998955642,0.004999999999987411,-0.0,0.6536967754364014
19.25,4.612446009882565,4.612353582927359,1.5915591979475456,5.0,5.0,5.0,3.4092334416675456,-0.004999999986214277,-0.004999999986154404,0.004999999999328159,-0.0,0.6543235778808594
19.5,4.6992269355422565,4.699135175748949,1.6174139211234522,5.0,5.0,5.0,3.37095787218432,-0.004999999979352016,-0.004999999979339405,0.004999999998307515,-0.0,0.6550285816192627
19.75,4.781196179217686,4.781106679611916,1.6432802353574436,5.0,5.0,5.0,3.3368543307438556,-0.004999999988289455,-0.004999999988284093,0.004999999998677848,-0.0,0.6547946929931641
20.0,4.858471936329769,4.858386610194203,1.6691574219688061,5.0,5.0,5.0,3.306390022162352,-0.004999999996256071,-0.004999999996255331,0.004999999999467659,-0.0,0.6539978981018066
20.25,4.931169640381172,4.931090411128948,1.6950448068375992,5.0,5.0,5.0,3.2790583652199863,-0.004999999967596023,-0.004999999959569454,0.004999999994352615,-0.0,0.6551995277404785
20.5,4.999402040481212,4.999330535645068,1.7209417576412185,5.0,5.0,5.0,3.254381754621431,-0.004999999997743224,-0.004999999997740945,0.0049999999995586205,-0.0,0.6552925109863281
20.75,5.063279253246145,5.063216548539755,1.7468476812617275,5.0,5.0,5.0,3.2319135125779668,-0.004999999964814948,-0.004999999962506973,0.004999999992722271,-0.0,0.6551177501678467
21.0,5.122908792190985,5.122855243279886,1.7727620213586905,5.0,5.0,5.0,3.211239086641673,-0.004999999995990175,-0.004999999995989467,0.004999999999027998,-0.0,0.6542508602142334
21.25,5.178395580974487,5.178350766796912,1.798684256083606,5.0,5.0,5.0,3.191976575040264,-0.004999999975718596,-0.0049999999735847525,0.004999999993574383,-0.0,0.6550767421722412
21.5,5.229841958623569,5.229804742882414,1.8246138959473601,5.0,5.0,5.0,3.1737766752483982,-0.0049999999791871756,-0.004999999978572685,0.004999999994359998,-0.0,0.6545917987823486
21.75,5.277347686058036,5.277316385643885,1.8505504818075837,5.0,5.0,5.0,3.1563221571255,-0.004999999981827812,-0.004999999982291574,0.0049999999949403165,-0.0,0.6558971405029297
22.0,5.321009962273396,5.320982595465225,1.8764935829918628,5.0,5.0,5.0,3.1393269608049637,-0.00499999998160905,-0.004999999982299646,0.004999999994424375,-0.0,0.6543912887573242
22.25,5.36092345701052,5.360898032769113,1.9024427955306638,5.0,5.0,5.0,3.122535013296568,-0.004999999983341765,-0.004999999983337518,0.004999999994560747,-0.0,0.6552190780639648
22.5,5.39718036373905,5.397155167871202,1.9283977405014971,5.0,5.0,5.0,3.1057188483992864,-0.004999999988821808,-0.004999999988818766,0.004999999996216738,-0.0,0.6544578075408936
22.75,5.429870473500666,5.429844308689459,1.9543580624764534,5.0,5.0,5.0,3.0886781034155604,-0.004999999981693139,-0.004999999984430352,0.004999999993479605,-0.0,0.654944896697998
23.0,5.459081266790351,5.45905361115083,1.9803234280654674,5.0,5.0,5.0,3.071237954473683,-0.004999999999895494,-0.004999999999895463,0.004999999999962582,-0.0,0.6543769836425781
23.25,5.48489801777229,5.484869079444941,2.0062935245488056,5.0,5.0,5.0,3.053247540829365,-0.004999999999812454,-0.00499999999981239,0.004999999999931553,-0.0,0.6549038887023926
23.5,5.507403903134092,5.507374564450043,2.0322680585986235,5.0,5.0,5.0,3.034578417964097,-0.004999999999807409,-0.004999999999807345,0.004999999999928713,-0.0,0.6552913188934326
23.75,5.5266801071884775,5.526651768651408,2.0582467550724517,5.0,5.0,5.0,3.01512306982213,-0.004999999999816752,-0.004999999999816694,0.004999999999931522,-0.0,0.6550145149230957
24.0,5.542805915229443,5.542780264469211,2.0842293558874894,5.0,5.0,5.0,2.9947935025035344,-0.004999999999835673,-0.004999999999835625,0.004999999999938289,-0.0,0.6545562744140625
24.25,5.55585878895345,5.555837530663694,2.1102156189628474,5.0,5.0,5.0,2.9735199350248704,-0.004999999999856,-0.004999999999855962,0.0049999999999459045,-0.0,0.6546437740325928
24.5,5.565914420326906,5.565899008463205,2.1362053172273794,5.0,5.0,5.0,2.9512495974177093,-0.004999999999872061,-0.00499999999987203,0.0049999999999521426,-0.0,0.6553583145141602
24.75,5.573046763410345,5.573038175890485,2.162198237689034,5.0,5.0,5.0,2.927945642311355,-0.0049999999998784185,-0.004999999999878391,0.004999999999954922,-0.0,0.6554872989654541
25.0,5.577328046795519,5.5773266358720965,2.1881941805619056,5.0,5.0,5.0,2.903586173083579,-0.004999999999873693,-0.004999999999873664,0.004999999999953803,-0.0,0.6539397239685059
25.25,5.578828772009334,5.578834211542773,2.2141929584474154,5.0,5.0,5.0,2.878163389476194,-0.0049999999998600235,-0.004999999999859989,0.004999999999949747,-0.0,0.6547510623931885
25.5,5.577617705089631,5.577629041015241,2.2401943955662573,5.0,5.0,5.0,2.851682850064794,-0.004999999999843289,-0.004999999999843249,0.004999999999945068,-0.0,0.6552245616912842
25.75,5.57376186927809,5.573777663931061,2.26619832703797,5.0,5.0,5.0,2.824162849949916,-0.00499999999985322,-0.00499999999985319,0.004999999999950094,-0.0,0.655001163482666
26.0,5.567326546312137,5.567345093312342,2.2922045982051777,5.0,5.0,5.0,2.795633911318907,-0.004999999999931213,-0.004999999999931193,0.004999999999977435,-0.0,0.6537830829620361
26.25,5.558375292220599,5.558394868396988,2.3182130639997287,5.0,5.0,5.0,2.766138383953449,-0.004999999966205141,-0.004999999966199201,0.004999999989390374,-0.0,0.654334306716919
26.5,5.546969971095159,5.54698908692221,2.3442235883477003,5.0,5.0,5.0,2.735730152188662,-0.0049999999832323425,-0.004999999983229699,0.004999999994998747,-0.0,0.6544709205627441
26.75,5.533170807400771,5.533188418292269,2.3702360436098457,5.0,5.0,5.0,2.70447444411728,-0.004999999999101958,-0.0049999999991018045,0.0049999999997481165,-0.0,0.6549792289733887
27.0,5.517036454385137,5.517052101713251,2.396250310065457,5.0,5.0,5.0,2.672447738050169,-0.004999999999065435,-0.004999999999065289,0.004999999999755794,-0.0,0.653822660446167
27.25,5.498624073778898,5.498637935582651,2.4222662754164324,5.0,5.0,5.0,2.639737759984033,-0.004999999952233641,-0.004999999952226833,0.004999999988509747,-0.0,0.6545224189758301
27.5,5.477989420045065,5.478002265315651,2.448283834325689,5.0,5.0,5.0,2.6064435643947714,-0.004999999934984785,-0.004999999934977324,0.004999999985855431,-0.0,0.6556942462921143
27.75,5.455186921821944,5.4551999768607065,2.474302887984548,5.0,5.0,5.0,2.572675688742888,-0.004999999999921909,-0.004999999999921902,0.004999999999984958,-0.0,0.6551144123077393
28.0,5.430269753552008,5.4302845019812205,2.5003233437138794,5.0,5.0,5.0,2.538556369753939,-0.004999999999913902,-0.0049999999999139,0.004999999999985734,-0.0,0.6539790630340576
28.25,5.403289891869526,5.403307839493662,2.5263451145850766,5.0,5.0,5.0,2.5042198065464873,-0.0049999999972821126,-0.0049999999972822175,0.004999999999628219,-0.0,0.6557915210723877
28.5,5.374298153562765,5.374320594040345,2.5523681190553766,5.0,5.0,5.0,2.469812451928244,-0.004999999988602918,-0.004999999988596451,0.004999999998810877,-0.0,0.6551568508148193
28.75,5.34334421441351,5.343372030972154,2.5783922806377926,5.0,5.0,5.0,2.435493308880324,-0.004999999997822351,-0.004999999997822737,0.004999999999838508,-0.0,0.6549015045166016
29.0,5.310476611267378,5.3105101436793385,2.6044175275877075,5.0,5.0,5.0,2.401434203860162,-0.004999999989867595,-0.0049999999899399405,0.004999999999624809,-0.0,0.654411792755127
29.25,5.2757427318980366,5.275781727624147,2.6304437926093547,5.0,5.0,5.0,2.3678200023753155,-0.0049999999615393635,-0.004999999961570147,0.004999999998850921,-0.0,0.6550166606903076
29.5,5.2391887989448,5.239232454374644,2.6564710125791344,5.0,5.0,5.0,2.3348487252397114,-0.00499999982498389,-0.004999999812773146,0.0049999999991754635,-0.0,0.655311107635498
29.75,5.200859854812397,5.200906938876188,2.682499128287187,5.0,5.0,5.0,2.3027828214679107,0.0004340484491957147,0.00042591833951885136,0.004999999999989186,-0.0,0.6557779312133789
30.0,5.161166917805314,5.161215404135592,2.708528084195173,5.0,5.0,5.0,2.2721121037759824,0.0049999999948154355,0.004999999994816846,0.004999999999916067,-0.0,0.6540970802307129
30.25,5.122992417145718,5.123036757589421,2.7345578282083967,5.0,5.0,5.0,2.2429026875595848,0.004999999977039481,0.004999999977048176,0.004999999999303568,-0.0,0.6550149917602539
30.5,5.08843360798553,5.088471758656021,2.7605883114619187,5.0,5.0,5.0,2.214869434119527,0.004999999986013279,0.004999999986019052,0.0049999999994107735,-0.0,0.6560800075531006
30.75,5.057401680853512,5.0574314100816835,2.7866194881204507,5.0,5.0,5.0,2.1877551666775936,0.004999999992906605,0.004999999992909724,0.004999999999634133,-0.0,0.655371904373169
31.0,5.029809830634576,5.029829086235865,2.8126513151908368,5.0,5.0,5.0,2.1613306374810755,0.004999999994106912,0.004999999994109634,0.004999999999654313,-0.0,0.6545290946960449
31.25,5.005573210812161,5.00558045346914,2.838683752345651,5.0,5.0,5.0,2.1353942140160984,0.004999999990355593,0.0049999999903602545,0.004999999999389091,-0.0,0.6555640697479248
31.5,4.98460891553523,4.984603368731572,2.8647167617578195,5.0,5.0,5.0,2.109771356374367,0.004999999997848324,0.004999999997849418,0.004999999999858858,-0.0,0.6560120582580566
31.75,4.966835983812669,4.966817764142081,2.8907503079456114,5.0,5.0,5.0,2.0843139528160357,0.00499999997157339,0.0049999999715890754,0.004999999998141242,-0.0,0.6544899940490723
32.0,4.952175417109438,4.952145527387659,2.9167843576273853,5.0,5.0,5.0,2.0588995737540543,0.004999999998478216,0.004999999998479095,0.00499999999990463,-0.0,0.6538255214691162
32.25,4.9405501999174595,4.9405103884600665,2.9428188795845904,5.0,5.0,5.0,2.033430696610717,0.004999999994041256,0.00499999999379811,0.0049999999996605685,-0.0,0.6544630527496338
32.5,4.931885312877487,4.9318378223823505,2.968853844535217,5.0,5.0,5.0,2.0078339459130587,0.004999999943911535,0.004999999939251967,0.004999999998211228,-0.0,0.654820442199707
32.75,4.926107729316865,4.926054975001905,2.9948892250122126,5.0,5.0,5.0,1.9820593849102794,0.004999999999849095,0.004999999999849473,0.004999999999994128,-0.0,0.6554646492004395
33.0,4.9231463891275915,4.923090615748441,3.020924995251359,5.0,5.0,5.0,1.956079887152386,0.004999999979934573,0.004999999973125213,0.004999999999852618,-0.0,0.6534554958343506
33.25,4.922932147489686,4.922875117209131,3.0469611310867277,5.0,5.0,5.0,1.9298906088594863,0.004999999987757866,0.004999999987780075,0.004999999999764291,-0.0,0.6557629108428955
33.5,4.925397699744139,4.9253404572906545,3.07299760985021,5.0,5.0,5.0,1.9035085753432635,0.004999999970307509,0.00499999997339737,0.004999999999560222,-0.0,0.6552786827087402
33.75,4.930477487881388,4.930420237054843,3.0990344102791987,5.0,5.0,5.0,1.8769723871700952,0.0049999998488208285,0.004999999834534076,0.004999999998853095,-0.0,0.6552226543426514
34.0,4.938107596503849,4.938049704725311,3.1250715124293795,5.0,5.0,5.0,1.8503420437462246,0.004999999802315654,0.004999999795391826,0.004999999999384329,-0.0,0.6550331115722656
34.25,4.948225647996093,4.948165776078059,3.1511088975929544,5.0,5.0,5.0,1.8236988733433728,0.004999999359260915,0.00499999943034661,0.0049999999995985625,-0.0,0.6555447578430176
34.5,4.9607707067345705,4.960707042281441,3.1771465482224004,5.0,5.0,5.0,1.7971639074524488,-0.004911838111778813,-0.00486909763823579,0.0049999999995272324,-0.0,0.6556153297424316
34.75,4.975013484848498,4.9749469384842815,3.2031844478580926,5.0,5.0,5.0,1.7708842265668734,-0.004999862690247009,-0.004999920541728661,0.004999999999587294,-0.0,0.6556832790374756
35.0,4.986272711296519,4.986221828005638,3.229222581060878,5.0,5.0,5.0,1.7447560152011004,-0.004999980270126674,-0.0049999899283439475,0.004999999999961944,-0.0,0.655097246170044
35.25,4.994580138119607,4.994544087687171,3.2552609333489277,5.0,5.0,5.0,1.7187005089290774,-0.0049999909861074224,-0.004999992955074622,0.004999999999635668,-0.0,0.6548833847045898
35.5,5.000007783393272,4.9999869109040445,3.281299491138388,5.0,5.0,5.0,1.6926658413416318,-0.0049045811761566265,-0.004944221799300843,0.004999999994547886,-0.0,0.6558735370635986
35.75,5.002632426586498,5.002625399137835,3.3073382416872508,5.0,5.0,5.0,1.6666273876007518,-0.002027431301061574,-0.0020234372070411974,0.004999999987422202,-0.0,0.656226396560669
36.0,5.002761635674599,5.002752295815178,3.333377173042127,5.0,5.0,5.0,1.6405859674353684,-0.00025676516339748386,-0.0002588818050228295,0.004999999999055974,-0.0,0.6545586585998535
36.25,5.001921224225253,5.001914000436164,3.3594162739909765,5.0,5.0,5.0,1.6145450957148486,0.00044643419760994046,0.0004427568175628281,0.004999999998707645,-0.0,0.6552712917327881
36.5,5.001010390729618,5.001006273504448,3.3854555340217236,5.0,5.0,5.0,1.5885051411311686,0.0005496798675366467,0.0005470279943709747,0.0049999999926439,-0.0,0.6552515029907227
36.75,5.000366905351846,5.000365411147204,3.411494943270463,5.0,5.0,5.0,1.5624655078720535,0.00040924973188834115,0.000408696333674673,0.004999999999979015,-0.0,0.6549291610717773
37.0,5.000023454228305,5.000023706586616,3.4375344924838274,5.0,5.0,5.0,1.5364258340658434,0.0002281260719310431,0.0002298028486059575,0.004999999999929787,-0.0,0.6546895503997803
37.25,4.999895314449112,4.999896515043396,3.4635741729856524,5.0,5.0,5.0,1.5103860321921156,9.072561343955853e-05,9.412932743519797e-05,0.004999999999865861,-0.0,0.6549572944641113
37.5,4.999883744274258,4.999885321095628,3.4896139766356424,5.0,5.0,5.0,1.4843461087809124,1.2706847689364364e-05,1.7063870121056257e-05,0.004999999999615832,-0.0,0.6556253433227539
37.75,4.999916771225899,4.999918348399259,3.5156538957982124,5.0,5.0,5.0,1.4583060780436352,-1.9374004874036024e-05,-1.4880419130051947e-05,0.0049999999999876974,-0.0,0.6559233665466309
38.0,4.999954888626889,4.999956222885453,3.5416939233111804,5.0,5.0,5.0,1.4322659477431292,-2.4887329610610853e-05,-2.1037722711217052e-05,0.00499999999360654,-0.0,0.6542046070098877
38.25,4.9999826337547315,4.999983574701937,3.567734052456337,5.0,5.0,5.0,1.4062257230723365,-1.9122876716654025e-05,-1.646023990609525e-05,0.004999999988227126,-0.0,0.6554005146026611
38.5,4.999997908166461,4.999998373186682,3.5937742769301604,5.0,5.0,5.0,1.3801854091903205,-1.0659009546009485e-05,-9.747107095044692e-06,0.0049999999996261845,-0.0,0.654557466506958
38.75,5.000003950908256,5.0000039356711135,3.619814590820946,5.0,5.0,5.0,1.354145011428533,-4.040395748754373e-06,-4.809745788024802e-06,0.004999999999893481,-0.0,0.6548473834991455
39.0,5.000004943492612,5.000004446978534,3.6458549885877924,5.0,5.0,5.0,1.3281045349788796,1.3889928069787255e-07,-2.1904586123893885e-06,0.004999999999902257,-0.0,0.6549603939056396
39.25,5.0000038916961556,5.000002998775795,3.671895465030208,5.0,5.0,5.0,1.3020639847329762,2.2398049556301633e-06,-1.2778132934916295e-06,0.004999999999587021,-0.0,0.6557250022888184
39.5,5.000002476308811,5.0000013318687095,3.6979360152700598,5.0,5.0,5.0,1.2760233652691428,2.9631779865021968e-06,-1.1942195375751197e-06,0.004999999999744586,-0.0,0.6545970439910889
39.75,5.000001371202582,5.000000154760753,3.7239766347316032,5.0,5.0,5.0,1.2499826808773287,2.874720125025515e-06,-1.2853649995368463e-06,0.00499999999974238,-0.0,0.6554193496704102
40.0,5.000000687285988,4.999999585085086,3.750017319122929,5.0,5.0,5.0,1.223941935581949,2.358671350874246e-06,-1.179112788295654e-06,0.0049999999998033276,-0.0,0.6546900272369385
40.25,5.0000003062895875,4.999999483540612,3.7760580644181982,5.0,5.0,5.0,1.197901133158852,1.6067222559229544e-06,-7.851775504826713e-07,0.004999999999798524,-0.0,0.6550617218017578
40.5,5.000000080651805,4.999999656773996,3.8020988668411997,5.0,5.0,5.0,1.1718602771501563,7.514299484824224e-07,-1.5361139982326272e-07,0.004999999999989358,-0.0,0.6545350551605225
40.75,4.999999906841836,4.999999939201625,3.828139722849849,5.0,5.0,5.0,1.1458193708783293,-1.1384150852382369e-07,5.781322603513189e-07,0.0049999999997902165,-0.0,0.6540474891662598
41.0,4.999999743314163,5.000000219793856,3.8541806291217204,5.0,5.0,5.0,1.119778417459867,-9.0362390019888e-07,1.2547871222458665e-06,0.004999999999889713,-0.0,0.6529407501220703
41.25,4.99999959369009,5.000000435266902,3.8802215825402913,5.0,5.0,5.0,1.0937374198182372,-1.9591759626777505e-06,1.6886256364295055e-06,0.00499999999232558,-0.0,0.6537003517150879
41.5,4.999999452347545,5.000000551474506,3.9062625801820388,5.0,5.0,5.0,1.0676963806977096,-1.5164377609932708e-06,2.017648677502329e-06,0.004999999989033888,-0.0,0.6539571285247803
41.75,4.999999199285914,5.000000540465158,3.9323036193027274,5.0,5.0,5.0,1.0416553026706414,-1.8428218380335537e-06,2.133037034887826e-06,0.004999999992496431,-0.0,0.6540372371673584
42.0,4.9999992242167925,5.00000047379609,3.958344697329755,5.0,5.0,5.0,1.0156141881484728,-1.7850794723061475e-06,3.7780610701813183e-07,0.004999999992070975,-0.0,0.6536662578582764
42.25,4.999999404030021,5.000000368550983,3.984385811851769,5.0,5.0,5.0,0.9895730393939414,-1.3722231734271395e-06,1.7495649659313509e-06,0.004999999999430747,-0.0,0.6544408798217773
42.5,4.999999650522933,4.999999736825441,4.010426960606155,5.0,5.0,5.0,0.9635318585276333,-7.20994048740084e-07,4.913391953558638e-07,0.00499999999995233,-0.0,0.6540312767028809
42.75,4.999999911949286,4.999999506651269,4.036468141472497,5.0,5.0,5.0,0.9374906475402858,3.6372666462926306e-08,-5.113427958471778e-07,0.0049999999997820095,-0.0,0.6542327404022217
43.0,5.00000015430692,4.99999943502183,4.062509352459897,5.0,5.0,5.0,0.9114494082995366,7.776188530343384e-07,-1.2744269795202101e-06,0.004999999999889762,-0.0,0.6533713340759277
43.25,5.0000003511069515,4.999999419832459,4.088550591700716,5.0,5.0,5.0,0.8854081425571269,1.3847752633145902e-06,-1.7436822594505547e-06,0.004999999999971521,-0.0,0.654301643371582
43.5,5.000000483623857,4.9999994291313765,4.114591857443189,5.0,5.0,5.0,0.8593668519561726,1.7630373110016223e-06,-1.919519668837008e-06,0.0049999999999795685,-0.0,0.6540279388427734
43.75,5.000000540034323,4.999999471952815,4.140633148044159,5.0,5.0,5.0,0.8333255380379474,1.8668168030771051e-06,-1.8084520124264647e-06,0.004999999999981385,-0.0,0.6543295383453369
44.0,5.000000514976587,4.999999562398772,4.166674461962327,5.0,5.0,5.0,0.8072842022482083,1.686682854178459e-06,-1.440913400070111e-06,0.004999999999930537,-0.0,0.6533942222595215
44.25,5.000000413959159,4.999999703467883,4.192715797751952,5.0,5.0,5.0,0.7812428459431627,1.2535255575910412e-06,-9.063142416415593e-07,0.004999999998986554,-0.0,0.6537959575653076
44.5,5.000000253036243,4.999999880701428,4.218757154056887,5.0,5.0,5.0,0.7552014703951118,6.447826200592019e-07,-1.5797469991862823e-07,0.004999999999875806,-0.0,0.6544690132141113
44.75,5.0000000563026665,5.000000059733918,4.244798529604893,5.0,-5.0,-5.0,13.635763115439456,-5.7057713911262686e-08,-0.004999999999966142,-0.004999999999935013,-0.0,0.6551711559295654
45.0,4.999999855074974,4.999662374311167,4.270425456264922,5.0,-5.0,-5.0,13.648816911938333,-7.60993318826321e-07,-0.004999999999736281,-0.004999999999495111,-0.0,0.6541543006896973
45.25,4.999999676276425,4.99665767862963,4.292848774832668,5.0,-5.0,-5.0,13.657943758120561,-1.3059577528588481e-06,-0.004999999999600201,-0.0049999999992365474,-0.0,0.6550016403198242
45.5,4.999999534747556,4.991051436715314,4.3122671186394275,5.0,-5.0,-5.0,13.663315817709218,-1.6116558475172404e-06,-0.004999999999975635,-0.004999999999953592,-0.0,0.6552937030792236
45.75,4.99999945726291,4.982907555726465,4.328866805152815,5.0,-5.0,-5.0,13.665096812243007,-1.7044407131447392e-06,-0.004999999999995406,-0.004999999999991273,-0.0,0.6555840969085693
46.0,4.999999473719361,4.972288441497772,4.342822599597169,5.0,-5.0,-5.0,13.663442469797655,-1.5369742932969804e-06,-0.0049999999999638485,-0.004999999999931502,-0.0,0.6537458896636963
46.25,4.999999582834779,4.959255041668484,4.354298431227804,5.0,-5.0,-5.0,13.658500946893978,-1.2196164848659805e-06,-0.00499999999999783,-0.004999999999995901,-0.0,0.6550195217132568
46.5,4.999999765103808,4.943866875955654,4.363448065193485,5.0,-5.0,-5.0,13.650413224224433,2.223332782229706e-07,-0.004999999999603628,-0.004999999999253266,-0.0,0.654712438583374
46.75,5.000000017644266,4.926182054932833,4.370415732741566,5.0,-5.0,-5.0,13.639313478245645,-6.933217952514309e-07,-0.004999999999901544,-0.004999999999815051,-0.0,0.6546976566314697
47.0,5.0000006134846755,4.906257290239984,4.3753367223487025,5.0,-5.0,-5.0,13.625329431690917,3.0656440504119725e-07,-0.00499999999998755,-0.004999999999976674,-0.0,0.6536569595336914
47.25,5.000000807986878,4.884147900252513,4.378337934198997,5.0,-5.0,-5.0,13.608582686559407,1.1357115847774116e-06,-0.004999999999997279,-0.004999999999994922,-0.0,0.6547989845275879
47.5,5.000000777592412,4.859907815721456,4.3795384002838205,5.0,-5.0,-5.0,13.589189043092697,1.6060424918237781e-06,-0.00499999999999737,-0.0049999999999951064,-0.0,0.6543312072753906
47.75,5.000000662603036,4.833589589692307,4.379049772253328,5.0,-5.0,-5.0,13.567258807713262,1.725647312207472e-06,-0.004999999999998111,-0.004999999999996496,-0.0,0.654592752456665
48.0,5.000000522286439,4.805244415168692,4.37697677901977,5.0,-5.0,-5.0,13.542897091972133,1.5528612208716777e-06,-0.0049999999999971395,-0.004999999999994704,-0.0,0.6542234420776367
48.25,5.0000003683505865,4.774922152639316,4.373417655988037,5.0,-5.0,-5.0,13.516204103401284,1.1490774320900218e-06,-0.004999999999990316,-0.004999999999982133,-0.0,0.6536061763763428
48.5,5.000000200188671,4.742671367946395,4.368464547672645,5.0,-5.0,-5.0,13.487275427978588,6.102367280614793e-07,-0.004999999999993475,-0.004999999999987997,-0.0,0.6549198627471924
48.75,5.000000021877621,4.708539379292288,4.362203885351242,5.0,-5.0,-5.0,13.456202302876964,-2.1353813648740394e-08,-0.004999999999994263,-0.0049999999999894825,-0.0,0.6552989482879639
49.0,4.999999853278804,4.672572310711705,4.35471674130246,5.0,-5.0,-5.0,13.423071877444118,-6.256248745546353e-07,-0.004999999999994729,-0.004999999999990371,-0.0,0.654094934463501
49.25,4.999999708835682,4.634815148297233,4.3460791610799685,5.0,-5.0,-5.0,13.387967460051382,-1.1182019097125129e-06,-0.004999999999995245,-0.004999999999991345,-0.0,0.6549692153930664
49.5,4.999999606152105,4.595311795004926,4.336362475184533,5.0,-5.0,-5.0,13.350968748600716,-1.431358590002832e-06,-0.00499999999999617,-0.004999999999993054,-0.0,0.6545414924621582
49.75,4.99999955997949,4.554105120043995,4.325633591411464,5.0,-5.0,-5.0,13.312152043056376,-1.523618626935938e-06,-0.00499999999999717,-0.004999999999994887,-0.0,0.6546592712402344
50.0,4.999999577682472,4.511236999632714,4.313955269071649,5.0,-5.0,-5.0,13.27159043927654,-1.8847204736830575e-06,-0.004999999998776019,-0.004999999997797416,-0.0,0.6534905433654785
50.25,4.999999623231929,4.466748347154291,4.301386376210153,5.0,-5.0,-5.0,13.229354004514922,-6.212521759807466e-07,-0.004999999999856972,-0.004999999999743092,-0.0,0.6542930603027344
50.5,4.999999514459483,4.420679132275396,4.287982130876743,5.0,-5.0,-5.0,13.185509936068703,-3.733876505363637e-07,-0.004999999999879517,-0.00499999999978436,-0.0,0.6544132232666016
50.75,4.999999650336623,4.373068390159117,4.273794327435041,5.0,-5.0,-5.0,13.140122705512903,4.820396800990501e-08,-0.004999999999888187,-0.004999999999800649,-0.0,0.6550068855285645
51.0,4.999999876722707,4.323954223287549,4.25887154884298,5.0,-5.0,-5.0,13.093254191600387,5.426859511804827e-07,-0.004999999999896689,-0.004999999999816545,-0.0,0.6546237468719482
51.25,5.000000094457926,4.2733737993776275,4.243259365769071,5.0,-5.0,-5.0,13.044963805175506,9.904480361665191e-07,-0.004999999999901864,-0.0049999999998264644,-0.0,0.6544992923736572
51.5,5.00000025264041,4.221363349320449,4.2270005233634045,5.0,-5.0,-5.0,12.995308609271166,1.2951227720348416e-06,-0.004999999999902145,-0.004999999999827728,-0.0,0.6543788909912109
51.75,5.000000331778061,4.16795816891435,4.210135116448283,5.0,-5.0,-5.0,12.944343436986452,1.3995072388195418e-06,-0.004999999999899102,-0.00499999999982319,-0.0,0.6538217067718506
52.0,5.00000033079801,4.113192627443133,4.192700753846513,5.0,-5.0,-5.0,12.892121008859796,1.2862143010756652e-06,-0.004999999999893173,-0.004999999999813711,-0.0,0.6535167694091797
52.25,5.000000259955945,4.057100184986585,4.174732712520839,5.0,-5.0,-5.0,12.83869205039773,9.638563058574773e-07,-0.004999999999852064,-0.004999999999743513,-0.0,0.6545965671539307
52.5,5.000000135931314,3.999713418923989,4.156264082156289,5.0,-5.0,-5.0,12.784105409351204,5.256870972952105e-07,-0.0049999999998646604,-0.0049999999997666555,-0.0,0.6546311378479004
52.75,4.999999976429572,3.9410640586215933,4.1373259007779675,5.0,-5.0,-5.0,12.728408171408537,1.1609066503243115e-09,-0.00499999999987375,-0.004999999999783588,-0.0,0.6548757553100586
53.0,4.999999814341614,3.881183026003685,4.117947281960102,5.0,-5.0,-5.0,12.671645772330328,-5.202119070322336e-07,-0.0049999999998797924,-0.004999999999795174,-0.0,0.6534721851348877
53.25,4.999999674948369,3.8201004787855126,4.098155534147813,5.0,-5.0,-5.0,12.613862104274633,-9.542944489392483e-07,-0.004999999999888559,-0.0049999999998112535,-0.0,0.6552567481994629
53.5,4.999999577092871,3.757845852726584,4.077976272580538,5.0,-5.0,-5.0,12.555099614183073,-1.2343146373900576e-06,-0.00499999999990615,-0.004999999999842004,-0.0,0.655181884765625
53.75,4.999999533409432,3.694447899400123,4.057433524275875,5.0,-5.0,-5.0,12.49539939258961,-1.3106503384862148e-06,-0.004999999999946648,-0.0049999999999108145,-0.0,0.6543183326721191
54.0,4.999999550579885,3.6299347166382,4.0365498265041015,5.0,-5.0,-5.0,12.434801251989438,-1.2089614273465277e-06,-0.004999999999978382,-0.00499999999996411,-0.0,0.653958797454834
54.25,4.999999630815784,3.5643337698936346,4.015346319156987,5.0,-5.0,-5.0,12.37334379483926,-9.222383197731929e-07,-0.004999999999982738,-0.004999999999971522,-0.0,0.6545672416687012
54.5,4.999999757440756,3.497671904089454,3.993842831389475,5.0,-5.0,-5.0,12.311064472205025,-4.967656235367948e-07,-0.004999999999987609,-0.00499999999997969,-0.0,0.6548748016357422
54.75,4.99999990978162,3.4299753469000906,3.9720579628893127,5.0,-5.0,-5.0,12.24799963488341,-1.0475915153580762e-08,-0.004999999999983925,-0.004999999999973827,-0.0,0.6544685363769531
55.0,5.000000065486113,3.3612697056184238,3.9500091601076996,5.0,-5.0,-5.0,12.18418457937636,4.712349777093172e-07,-0.0049999999999787124,-0.004999999999965572,-0.0,0.6546356678009033
55.25,5.0000001990482525,3.291579960629821,3.927712787763425,5.0,-5.0,-5.0,12.11965359131372,8.731666344642328e-07,-0.004999999999971412,-0.004999999999954084,-0.0,0.6547143459320068
55.5,5.000000289690121,3.2209304589137284,3.905184195913523,5.0,-5.0,-5.0,12.054439988769536,1.142780791774968e-06,-0.004999999999955437,-0.0049999999999289346,-0.0,0.6539030075073242
55.75,5.000000323513364,3.1493449108730176,3.8824377828653556,5.0,-5.0,-5.0,11.988576167431871,1.2328380407985312e-06,-0.004999999999933507,-0.004999999999894778,-0.0,0.6546714305877686
56.0,5.000000297943644,3.0768463931779366,3.859487054187954,5.0,-5.0,-5.0,11.922093648843004,1.0639317991568628e-06,-0.004999999999860878,-0.004999999999781394,-0.0,0.6546201705932617
56.25,5.000000213040188,3.0034573593056786,3.836344678064478,5.0,-5.0,-5.0,11.85502313204299,9.965811010106962e-07,-0.004999999999993364,-0.004999999999989653,-0.0,0.6544253826141357
56.5,5.000000061738256,2.9291996582162088,3.8130225372126647,5.0,-5.0,-5.0,11.787394548060597,2.456796200445491e-07,-0.004999999999834334,-0.004999999999743693,-0.0,0.6547203063964844
56.75,4.999999932417511,2.8540945603204495,3.789531777585961,5.0,-5.0,-5.0,11.719237115935291,2.53667021002206e-07,-0.004999999999998703,-0.004999999999998011,-0.0,0.6543338298797607
57.0,4.999999709999595,2.7781627887628093,3.7658828540553055,5.0,-5.0,-5.0,11.650579398430963,-3.842307768134323e-07,-0.00499999999987416,-0.004999999999808437,-0.0,0.6530032157897949
57.25,4.999999623695844,2.701424553222383,3.74208557325809,5.0,-5.0,-5.0,11.581449355394408,-8.334010039561662e-07,-0.004999999999678998,-0.004999999999515497,-0.0,0.6533970832824707
57.5,4.999999597688589,2.623899583057702,3.7181491337908414,5.0,-5.0,-5.0,11.51187439283406,-1.1164568060103436e-06,-0.004999999999557075,-0.004999999999337224,-0.0,0.6538784503936768
57.75,4.999999608895904,2.5456071567223493,3.694082163909476,5.0,-5.0,-5.0,11.441881406228607,-1.192982720853164e-06,-0.0049999999993485715,-0.004999999999033818,-0.0,0.6542243957519531
58.0,4.99999964744407,2.4665661249459236,3.6698927568920814,5.0,-5.0,-5.0,11.371496817240159,-1.0859623565092139e-06,-0.004999999998894334,-0.0049999999983749025,-0.0,0.6530961990356445
58.25,4.999999715683737,2.3867949261089016,3.645588504209227,5.0,-5.0,-5.0,11.300746603797418,-8.15304826423148e-07,-0.00499999999839733,-0.00499999999766619,-0.0,0.6543314456939697
58.5,4.999999812692126,2.3063115933959337,3.621176526637591,5.0,-5.0,-5.0,11.229656324306738,-4.3444302144039076e-07,-0.004999999999997587,-0.00499999999999652,-0.0,0.6548497676849365
58.75,4.999999933434657,2.2251337545123095,3.5966635034441814,5.0,-5.0,-5.0,11.158251137421765,-1.2849726765268299e-08,-0.004999999999950718,-0.004999999999929603,-0.0,0.6549828052520752
59.0,5.00000006423855,2.1432786258115137,3.572055699760619,5.0,-5.0,-5.0,11.08655581925864,3.98102530815847e-07,-0.00499999999987086,-0.00499999999981736,-0.0,0.6537010669708252
59.25,5.0000001811606385,2.060763003453092,3.5473589922622097,5.0,-5.0,-5.0,11.014594780101223,7.517115801890933e-07,-0.004999999999907204,-0.004999999999870094,-0.0,0.6540882587432861
59.5,5.000000260947139,1.9776032545650015,3.522578893252731,5.0,-5.0,-5.0,10.942392082515147,1.0029718996015444e-06,-0.004999999999916353,-0.00499999999988412,-0.0,0.654463529586792
59.75,5.000000292035461,1.8938153113020857,3.497720573256513,5.0,-5.0,-5.0,10.869971462371474,1.0827502434414965e-06,-0.004999999999926362,-0.004999999999899073,-0.0,0.65509033203125
60.0,5.000000277096396,1.8094146701659615,3.4727888822098465,5.0,-5.0,-5.0,10.797356353660822,1.0207991359327886e-06,-0.004999999999987693,-0.004999999999983316,-0.0,0.654151439666748
60.25,5.000000219394859,1.7244163980832345,3.447788369338391,5.0,-5.0,-5.0,10.724569917249932,7.662736300692585e-07,-0.00499999999998667,-0.00499999999998213,-0.0,0.6543505191802979
60.5,5.000000136379062,1.6388351456608463,3.4227233018021255,5.0,-5.0,-5.0,10.65163507300804,4.019412564769745e-07,-0.004999999999950274,-0.004999999999934102,-0.0,0.6548604965209961
60.75,5.0000000301642515,1.5526851669149873,3.3975976821843097,5.0,-5.0,-5.0,10.57857453411962,-2.3553447800646332e-08,-0.004999999999807009,-0.004999999999747257,-0.0,0.6546909809112549
61.0,4.999999906664559,1.4659803437730967,3.3724152648960293,5.0,-5.0,-5.0,10.505410841993529,-4.6933990741418463e-07,-0.0049999999992902605,-0.004999999999078229,-0.0,0.6545510292053223
61.25,4.999999769248524,1.378734212925437,3.3471795715636565,5.0,-5.0,-5.0,10.432166400031472,-5.956023126502119e-07,-0.004999999999862934,-0.004999999999824837,-0.0,0.6544911861419678
61.5,4.999999625505877,1.2909599922568407,3.32189390546222,5.0,-5.0,-5.0,10.358863504645944,-8.639401863430943e-07,-0.004999999999928429,-0.0049999999999096895,-0.0,0.6544811725616455
61.75,4.999999581218419,1.2026706041663058,3.296561365053397,5.0,-5.0,-5.0,10.285524372296463,-9.776568076994702e-07,-0.0049999999999849895,-0.004999999999981215,-0.0,0.6551868915557861
62.0,4.999999615416987,1.113878693566568,3.2711848566851134,5.0,-5.0,-5.0,10.212171161866062,-9.497113719579564e-07,-0.004999999999966851,-0.00499999999995926,-0.0,0.6545195579528809
62.25,4.999999705226754,1.024596639158671,3.2457671065029965,5.0,-5.0,-5.0,10.138825992355203,-7.47102638817311e-07,-0.0049999999999342576,-0.0049999999999203,-0.0,0.6551918983459473
62.5,4.99999981894891,0.934836557585274,3.220310671623477,5.0,-5.0,-5.0,10.065510956508449,-4.205579261316178e-07,-0.004999999999926302,-0.004999999999911901,-0.0,0.6550612449645996
62.75,4.999999938342496,0.8446103011137379,3.1948179506140835,5.0,-5.0,-5.0,9.992248131521528,-2.7920917679453983e-08,-0.0049999999999887105,-0.0049999999999866965,-0.0,0.6556808948516846
63.0,5.000000052203049,0.7539294504343231,3.169291193323937,5.0,-5.0,-5.0,9.919059588320422,3.467275152772148e-07,-0.004999999999990014,-0.004999999999988406,-0.0,0.6542465686798096
63.25,5.000000153031476,0.6628053048391642,3.14373251010473,5.0,-5.0,-5.0,9.845967401012839,6.58337318051698e-07,-0.004999999999989833,-0.004999999999988373,-0.0,0.6556277275085449
63.5,5.000000227605725,0.5712488723765414,3.118143880460027,5.0,-5.0,-5.0,9.77299365797495,6.591919742039709e-07,-0.00499999999884576,-0.004999999998694756,-0.0,0.6546974182128906
63.75,5.000000250760554,0.479270862508452,3.0925271611582756,5.0,-5.0,-5.0,9.700160475681086,-2.6335746316878683e-07,-0.004999999997065596,-0.004999999996715031,-0.0,0.656151533126831
64.0,5.000000053644051,0.38688168335511236,3.066884093843091,5.0,-5.0,-5.0,9.627490015868233,2.095302452009319e-06,-0.004999999998994533,-0.004999999998903767,-0.0,0.6551809310913086
64.25,4.999999340145013,0.29409144485789646,3.04121631217097,5.0,-5.0,-5.0,9.55500450604001,1.1857459796781045e-06,-0.004999999999068729,-0.004999999999001354,-0.0,0.6545391082763672
64.5,4.999999216152992,0.20090996825620197,3.015525348505709,5.0,-5.0,-5.0,9.482726262749727,4.687296834308616e-07,-0.004999999998772507,-0.004999999998707084,-0.0,0.6547961235046387
64.75,4.999999318112256,0.10734680129854733,2.9898126402005483,5.0,-5.0,-5.0,9.410677716619817,3.6538491052229283e-09,-0.004999999999163588,-0.004999999999134596,-0.0,0.6547613143920898
65.0,4.999999450929051,0.01341123771992053,2.964079535488587,5.0,-5.0,-5.0,9.338881437773084,-9.364087239132138e-07,-0.0049999999983077695,-0.0049999999982809976,-0.0,0.6539325714111328
65.25,4.9999995349634245,-0.08088766111175923,2.93832729900827,5.0,-5.0,-5.0,9.26736016026439,-8.996670655420785e-08,-0.004999999998583095,-0.004999999998587717,-0.0,0.6544616222381592
65.5,4.999999385364879,-0.17554104479330251,2.912557116986969,5.0,-5.0,-5.0,9.19613680423166,-3.2614498626792887e-07,-0.0049999999997383665,-0.004999999999744257,-0.0,0.6555068492889404
65.75,4.9999995485592805,-0.27054025508902463,2.886770102102032,5.0,-5.0,-5.0,9.125234494815514,-1.7078169670375204e-06,-0.004999999998899159,-0.004999999998949469,-0.0,0.6549155712127686
66.0,4.999999915207522,-0.3658768116831346,2.8609672980413077,5.0,-5.0,-5.0,9.05467657734775,-1.0662901878209091e-06,-0.004999999999394912,-0.004999999999430866,-0.0,0.6541073322296143
66.25,4.999999906639255,-0.46154240373330746,2.835149683781358,5.0,-5.0,-5.0,8.984486628819248,-4.04448705130199e-07,-0.004999999999937921,-0.004999999999941952,-0.0,0.6553144454956055
66.5,4.999999829206424,-0.5575288876059865,2.8093181775988953,5.0,-5.0,-5.0,8.914688466133196,1.4950005973240685e-06,-0.0049999999971381244,-0.004999999997427338,-0.0,0.6555171012878418
66.75,5.000000006960644,-0.6538282902492701,2.783473640834832,5.0,-5.0,-5.0,8.845306152028272,-1.7025879542054145e-06,-0.004999999999914878,-0.00499999999992523,-0.0,0.6558213233947754
67.0,5.000000940757456,-0.7504328168461469,2.7576168814249997,5.0,-5.0,-5.0,8.77636399978169,-4.204915896467015e-07,-0.004999999999344416,-0.0049999999994374544,-0.0,0.6537070274353027
67.25,5.000001015346801,-0.8473348607909321,2.731748657209491,5.0,-5.0,-5.0,8.70788657785743,6.300952086531891e-07,-0.0049999999999880695,-0.004999999999990008,-0.0,0.6550898551940918
67.5,5.000000738575928,-0.9445270137173726,2.705869679040834,5.0,-5.0,-5.0,8.639898715487769,1.224856485992562e-06,-0.004999999997505301,-0.004999999997962667,-0.0,0.6552844047546387
67.75,5.000000499326521,-1.0420020733791715,2.679980613696377,5.0,-5.0,-5.0,8.572425509887639,6.193115417172171e-07,-0.004999999999031765,-0.004999999999229757,-0.0,0.6545062065124512
68.0,5.0000004374456335,-1.139753047539624,2.654082086611857,5.0,-5.0,-5.0,8.505492335366958,8.961497791701994e-07,-0.004999999999918591,-0.004999999999936953,-0.0,0.654531717300415
68.25,5.00000025612389,-1.237773152691924,2.6281746844432132,5.0,-5.0,-5.0,8.439124854166462,3.047249234581703e-06,-0.004999999998961213,-0.004999999999217769,-0.0,0.6549067497253418
68.5,5.000000276294763,-1.336055807228472,2.602258957472168,5.0,-5.0,-5.0,8.373349028405004,8.319621273497613e-07,-0.004999999998707557,-0.004999999999054699,-0.0,0.6558692455291748
68.75,5.000001455775254,-1.4345946195512975,2.5763354218617027,5.0,-5.0,-5.0,8.3081911322099,-2.689816563039571e-06,-0.004999999999648399,-0.004999999999750525,-0.0,0.6552600860595703
69.0,5.00000264590956,-1.5333833723769406,2.5504045617709497,5.0,-5.0,-5.0,8.243677762925623,-9.889367735896326e-07,-0.004999999999552139,-0.004999999999692091,-0.0,0.6545016765594482
69.25,5.0000024909654694,-1.6324160050535086,2.524466831339509,5.0,-5.0,-5.0,8.179835850284107,-1.1877036326128285e-06,-0.004999999999142802,-0.004999999999429742,-0.0,0.655109167098999
69.5,5.000001977321782,-1.7316865959936174,2.498522656549182,5.0,-5.0,-5.0,8.116692662561691,-7.146675882006154e-07,-0.004999999999979141,-0.00499999999998659,-0.0,0.6567790508270264
69.75,5.000001194528295,-1.831189347290851,2.472572436969641,5.0,-5.0,-5.0,8.05427580903868,-3.4670253195104306e-07,-0.004999999999970708,-0.004999999999981832,-0.0,0.6557281017303467
70.0,5.00000048609384,-1.9309185732346437,2.4466165473958297,5.0,-5.0,-5.0,7.9926132384331,-4.155147894906869e-07,-0.004999999997473536,-0.0049999999984868485,-0.0,0.6542026996612549
70.25,5.000000044861602,-2.030868693836467,2.4206553393844996,5.0,-5.0,-5.0,7.931733233357654,-1.5929247068960373e-07,-0.004999999999895486,-0.004999999999939971,-0.0,0.6556308269500732
70.5,4.999999810084142,-2.1310342337251407,2.3946891426951233,5.0,-5.0,-5.0,7.871664401183812,-4.949621986620814e-07,-0.004999999996958538,-0.004999999998324212,-0.0,0.6554162502288818
70.75,4.999999774858464,-2.2314098259683393,2.3687182666403928,5.0,-5.0,-5.0,7.812435661944629,3.962382920637622e-07,-0.00499999999997345,-0.004999999999985993,-0.0,0.6548926830291748
71.0,4.99999969494553,-2.331990219644941,2.3427430013554114,5.0,-5.0,-5.0,7.754076233998302,1.433865132547535e-07,-0.004999999995343284,-0.0049999999976537,-0.0,0.654191255569458
71.25,4.99999980681129,-2.43277028948504,2.3167636189852767,5.0,-5.0,-5.0,7.696615618162596,6.342775517509044e-07,-0.004999999998769596,-0.004999999999409528,-0.0,0.6551506519317627
71.5,4.999999860105055,-2.5337450455917825,2.2907803748022273,5.0,-5.0,-5.0,7.640083580837239,7.312023037478813e-07,-0.0049999999999557655,-0.004999999999979791,-0.0,0.6552605628967285
71.75,4.999999959322264,-2.6349096413305877,2.2647935082497535,5.0,-5.0,-5.0,7.584510136396571,6.843172260474414e-07,-0.004999999999496507,-0.004999999999782472,-0.0,0.6545226573944092
72.0,5.000000059689012,-2.7362593777475177,2.2388032439254957,5.0,-5.0,-5.0,7.529925528794612,6.02655985841756e-07,-0.00499999999844454,-0.0049999999993662276,-0.0,0.6551191806793213
72.25,5.000000107239837,-2.8377897034779487,2.21280979250159,5.0,-5.0,-5.0,7.476360212029666,4.734546237197129e-07,-0.0049999999981614725,-0.004999999999298905,-0.0,0.654822826385498
72.5,5.000000092134977,-2.9394962097928707,2.1868133515879147,5.0,-5.0,-5.0,7.423844828860226,2.79785237306332e-07,-0.004999999997518704,-0.004999999999113524,-0.0,0.6552417278289795
72.75,5.000000034033673,-3.041374621183011,2.1608141065418476,5.0,-5.0,-5.0,7.372410187009966,3.4183436685431e-08,-0.004999999999987654,-0.004999999999995923,-0.0,0.6559488773345947
73.0,4.9999999595798394,-3.1434207825554408,2.1348122312280418,5.0,-5.0,-5.0,7.322087232065019,-2.2697287429315066e-07,-0.004999999999876895,-0.0049999999999624034,-0.0,0.6547584533691406
73.25,4.999999889888635,-3.2456306446221395,2.108807888730756,5.0,-5.0,-5.0,7.272907016360795,-4.563506206785653e-07,-0.0049999999999744615,-0.004999999999992833,-0.0,0.6551885604858398
73.5,4.999999837498273,-3.348000249307976,2.08280123202279,5.0,-5.0,-5.0,7.224900663345307,-6.684159319916491e-07,-0.0049999999991287465,-0.004999999999777781,-0.0,0.6552941799163818
73.75,4.999999805179098,-3.450525716993734,2.0567924045921626,5.0,-5.0,-5.0,7.178099327177661,-6.186763004982151e-07,-0.0049999999996309255,-0.004999999999915508,-0.0,0.6552982330322266
74.0,4.999999777594806,-3.5532032371004756,2.0307815410302585,5.0,-5.0,-5.0,7.132534147607144,-6.002313001360685e-07,-0.004999999999748001,-0.004999999999948977,-0.0,0.6540176868438721
74.25,4.9999998048025285,-3.656029063010844,2.0047687675832964,5.0,-5.0,-5.0,7.088236200448622,-4.91884580013438e-07,-0.004999999999851799,-0.0049999999999739446,-0.0,0.6551172733306885
74.5,4.999999868893622,-3.758999511656912,1.9787542026698806,5.0,-5.0,-5.0,7.045236444171956,-2.9694535224993046e-07,-0.004999999999390704,-0.004999999999909883,-0.0,0.6558544635772705
74.75,4.999999947967322,-3.862110967410951,1.9527379573663115,5.0,-5.0,-5.0,7.003565663236578,-4.3049955154514374e-08,-0.00499999999985207,-0.004999999999982007,-0.0,0.6553390026092529
75.0,5.000000026457878,-3.9653598892791404,1.9267201358618447,5.0,-5.0,-5.0,6.96325440881109,2.0446838178925925e-07,-0.00499999999936741,-0.004999999999940381,-0.0,0.6547961235046387
75.25,5.000000096874935,-4.068742819928834,1.900700835885655,5.0,-5.0,-5.0,6.924332937433431,4.188844363508387e-07,-0.0049999999965427595,-0.004999999999769469,-0.0,0.6544404029846191
75.5,5.000000149086364,-4.172256394833875,1.8746801491074518,5.0,-5.0,-5.0,6.886831148011579,5.650999579985896e-07,-0.004999999986687663,-0.004999999999439665,-0.0,0.6549432277679443
75.75,5.0000001766174735,-4.2758973498451995,1.8486581615131905,5.0,-5.0,-5.0,6.850778517378262,6.25111658123477e-07,-0.004999999999497433,-0.004999999999990106,-0.0,0.654728889465332
76.0,5.000000176145959,-4.379662525766353,1.8226349537574467,5.0,-5.0,-5.0,6.816204034434638,5.888035883696088e-07,-0.004999999989176115,-0.004999999999965002,-0.0,0.6541886329650879
76.25,5.000000149120006,-4.483548869005169,1.7966106014937457,5.0,-5.0,-5.0,6.783177249878707,5.052441578437192e-07,0.004999999721645152,-0.004999999995411309,-0.0,0.654524564743042
76.5,5.000000103093697,-4.586877763774901,1.7705851756852173,5.0,-5.0,-5.0,6.751911192716193,2.3166073073906113e-07,0.004999999999449199,-0.004999999999980075,-0.0,0.655217170715332
76.75,5.000000059508337,-4.684988701866304,1.7445587428959597,5.0,-5.0,-5.0,6.7221977843327,2.545315181106539e-08,0.004999999998099624,-0.004999999999895781,-0.0,0.6548702716827393
77.0,4.999999991360603,-4.77801049198911,1.7185313655605226,5.0,-5.0,-5.0,6.693843094617731,-1.9257124474463677e-07,0.0049999999993055435,-0.004999999999949737,-0.0,0.6548504829406738
77.25,4.999999921470554,-4.866068667516283,1.6925031022436297,5.0,-5.0,-5.0,6.666666907500898,-3.883852893781306e-07,0.004999999999208689,-0.004999999999929675,-0.0,0.6572728157043457
77.5,4.999999866166524,-4.94928552628476,1.6664740078787799,5.0,-5.0,-5.0,6.640502242734842,-5.252649236267906e-07,0.004999999999117149,-0.004999999999907875,-0.0,0.6549875736236572
77.75,4.999999834092547,-5.027780192195182,1.640444133993451,5.0,-5.0,-5.0,6.615194846425768,-5.81524239862824e-07,0.004999999999076874,-0.004999999999890287,-0.0,0.655390739440918
78.0,4.999999828879985,-5.101668700270083,1.6144135289202628,5.0,-5.0,-5.0,6.590602661464949,-5.49408924182572e-07,0.004999999998968317,-0.004999999999863434,-0.0,0.6539134979248047
78.25,4.999999849741481,-5.1710641031308855,1.5883822379950665,5.0,-5.0,-5.0,6.566595287283915,-4.499354738897801e-07,0.004999999992344697,-0.004999999998890577,-0.0,0.655442476272583
78.5,4.999999890985083,-5.236076593388997,1.562350303742796,5.0,-5.0,-5.0,6.543053436436424,-2.59625146460489e-07,0.004999999992138868,-0.004999999998769506,-0.0,0.6547410488128662
78.75,4.99999993878466,-5.296813633878649,1.5363177660519423,5.0,-5.0,-5.0,6.519868393617474,-4.000434811191056e-08,0.004999999991991998,-0.004999999998661077,-0.0,0.6546132564544678
79.0,4.9999999899083445,-5.353380086344097,1.5102846623375499,5.0,-5.0,-5.0,6.496941481066366,1.7540847666898396e-07,0.004999999991576259,-0.004999999998509341,-0.0,0.6549742221832275
79.25,5.000000037087595,-5.40587832935442,1.4842510276948166,5.0,-5.0,-5.0,6.4741835330012085,3.6464498880117713e-07,0.00499999999147164,-0.004999999998415452,-0.0,0.6553394794464111
79.5,5.000000070974509,-5.4544083577201325,1.458216895042942,5.0,-5.0,-5.0,6.451514380881013,4.944465900940873e-07,0.004999999991400183,-0.004999999998333885,-0.0,0.6543419361114502
79.75,5.0000000861437695,-5.499067858370055,1.4321822952600194,5.0,-5.0,-5.0,6.428862350877646,5.474073264026894e-07,0.004999999991356751,-0.004999999998264469,-0.0,0.6551940441131592
80.0,5.000000079427823,-5.539952261034881,1.4061472573096039,5.0,-5.0,-5.0,6.40616377488922,5.17456198232194e-07,0.004999999991348684,-0.004999999998209323,-0.0,0.6540820598602295
80.25,5.000000050932892,-5.577154765670008,1.380111808359419,5.0,-5.0,-5.0,6.38336251661165,4.1054592894891606e-07,0.0049999999913663525,-0.004999999998166976,-0.0,0.6550214290618896
80.5,5.0000000042514,-5.610766351792664,1.354075973892703,5.0,-5.0,-5.0,6.36040951445251,2.4430929979751825e-07,0.004999999991429425,-0.0049999999981419595,-0.0,0.6546800136566162
80.75,4.999999945895325,-5.640875777322568,1.3280397778126525,5.0,-5.0,-5.0,6.337262343272542,4.431049172286955e-08,0.0049999999915154155,-0.004999999998129675,-0.0,0.6556172370910645
81.0,4.9999998843473215,-5.667569575752678,1.302003242540389,5.0,-5.0,-5.0,6.313884796957171,-1.5888324616294275e-07,0.0049999999916167945,-0.004999999998128369,-0.0,0.6539053916931152
81.25,4.999999828528638,-5.690932060370603,1.2759663891068522,5.0,-5.0,-5.0,6.290246493585896,-3.3446757407434857e-07,0.0049999999917361,-0.004999999998138405,-0.0,0.6556909084320068
81.5,4.999999786417495,-5.711045342840225,1.2499292372389978,5.0,-5.0,-5.0,6.266322504474095,-4.714064071693544e-07,0.004999999991626365,-0.004999999998103584,-0.0,0.6561586856842041
81.75,4.999999762941384,-5.727989370971289,1.223891805440649,5.0,-5.0,-5.0,6.242093007659565,-5.076549549421286e-07,0.004999999991798739,-0.004999999998139249,-0.0,0.6554758548736572
82.0,4.999999755182496,-5.7418419873433795,1.1978541110683463,5.0,-5.0,-5.0,6.217542965590421,-4.08848215322985e-07,0.004999999999517683,-0.004999999999890754,-0.0,0.6547510623931885
82.25,4.9999997748192255,-5.752679007095689,1.1718161704023813,5.0,-5.0,-5.0,6.192661825962706,-3.9624593558412746e-07,0.004999999996777422,-0.004999999999277625,-0.0,0.6551644802093506
82.5,4.99999984622773,-5.760574310155225,1.1457779987132337,5.0,-5.0,-5.0,6.16744324397992,-2.530219321422722e-07,0.004999999995731127,-0.0049999999990459195,-0.0,0.6548686027526855
82.75,4.999999921445958,-5.765599940915688,1.1197396103252177,5.0,-5.0,-5.0,6.141884823847423,-5.8275232720991776e-08,0.004999999995731687,-0.004999999999057448,-0.0,0.6556708812713623
83.0,4.9999999880106705,-5.767826207168088,1.093701018674379,5.0,-5.0,-5.0,6.115987877164459,1.3936088218320652e-07,0.004999999995727501,-0.004999999999071138,-0.0,0.6535165309906006
83.25,5.000000042247113,-5.767321770204299,1.06766223636362,5.0,-5.0,-5.0,6.089757196006577,3.0905009973901387e-07,0.004999999995721447,-0.004999999999087631,-0.0,0.655022144317627
83.5,5.000000080791154,-5.764153719287689,1.041623275214424,5.0,-5.0,-5.0,6.063200838885426,4.265527920807588e-07,0.004999999995717889,-0.004999999999107838,-0.0,0.6542418003082275
83.75,5.00000010069072,-5.758387625994032,1.0155841463153066,5.0,-5.0,-5.0,6.036329928336946,4.7629158308679087e-07,0.004999999995723877,-0.004999999999133131,-0.0,0.6552503108978271
84.0,5.000000100355155,-5.750087576872308,0.9895448600672601,5.0,-5.0,-5.0,6.009158459511945,4.529061662797776e-07,0.004999999995750516,-0.004999999999165486,-0.0,0.6539201736450195
84.25,5.000000080442753,-5.739316186007348,0.9635054262263825,5.0,-5.0,-5.0,5.981703119707701,3.617468721907671e-07,0.004999999995816399,-0.004999999999207942,-0.0,0.6545085906982422
84.5,5.000000044240491,-5.726134591912212,0.9374658539438624,5.0,-5.0,-5.0,5.953983119182608,2.277604788537141e-07,0.004999999999356126,-0.004999999999883082,-0.0,0.6550858020782471
84.75,4.999999998092779,-5.710602445313566,0.9114261518034577,5.0,-5.0,-5.0,5.926020033768576,4.4642207352660335e-08,0.004999999999361875,-0.004999999999889528,-0.0,0.6554927825927734
85.0,4.9999999532579,-5.692777895508807,0.8853863278565571,5.0,-5.0,-5.0,5.897837659714444,-1.461210946528818e-07,0.004999999996407384,-0.0049999999994110485,-0.0,0.6543710231781006
85.25,4.999999912222429,-5.672717582924993,0.8593463896555478,5.0,-5.0,-5.0,5.869461880875427,-2.9058476457271415e-07,0.004999999996956809,-0.00499999999953113,-0.0,0.6546428203582764
85.5,4.999999876506501,-5.650476644298675,0.8333063442846574,5.0,-5.0,-5.0,5.8409205478843464,-3.9411124019492205e-07,0.004999999997589376,-0.004999999999654028,-0.0,0.6555049419403076
85.75,4.999999856424465,-5.626108734765442,0.807266198388702,5.0,-5.0,-5.0,5.812243368387907,-4.4019476821716835e-07,0.004999999998172155,-0.0049999999997582065,-0.0,0.6552925109863281
86.0,4.999999856958397,-5.599666068406337,0.7812259582004987,5.0,-5.0,-5.0,5.783461806910056,-4.2020171334752193e-07,0.004999999998848003,-0.004999999999861417,-0.0,0.6543152332305908
86.25,4.999999878107497,-5.571199475857187,0.7551856295664168,5.0,-5.0,-5.0,5.754608992520503,-3.382071550057236e-07,0.004999999999397352,-0.0049999999999351796,-0.0,0.6550447940826416
86.5,4.9999999162692115,-5.540758474927106,0.7291452179703344,5.0,-5.0,-5.0,5.725719632305198,-2.0683492920475777e-07,0.004999999999280789,-0.004999999999932101,-0.0,0.6553070545196533
86.75,4.999999964928916,-5.508391348161969,0.7031047285561244,5.0,-5.0,-5.0,5.696829928691507,-4.5431840432937076e-08,0.004999999998504962,-0.004999999999879614,-0.0,0.6544220447540283
87.0,5.000000016138703,-5.474145220228053,0.6770641661487475,5.0,-5.0,-5.0,5.667977498962199,1.2157231507603505e-07,0.004999999999864383,-0.00499999999999101,-0.0,0.654649019241333
87.25,5.000000062345261,-5.438066128022946,0.6510235352740098,5.0,-5.0,-5.0,5.63920129574538,2.664013676913213e-07,0.0049999999986814,-0.0049999999999331335,-0.0,0.6549510955810547
87.5,5.0000000974982735,-5.400199077522598,0.6249828401770644,5.0,-5.0,-5.0,5.610541527807792,3.6892317189368695e-07,0.004999999998607538,-0.004999999999955679,-0.0,0.6544942855834961
87.75,5.0000001168102965,-5.360588083364455,0.5989420848398965,5.0,-5.0,-5.0,5.582039581004374,3.932416527815605e-07,0.004999999950905336,-0.00499999999862457,-0.0,0.6546823978424072
88.0,5.0000001166345776,-5.319276189718051,0.5729012729976299,5.0,-5.0,-5.0,5.553737939655472,4.149505229760972e-07,0.004999999999688465,-0.004999999999994229,-0.0,0.6547720432281494
88.25,5.000000090387165,-5.276305473745054,0.5468604081540686,5.0,-5.0,-5.0,5.525680108849306,3.2507325067009096e-07,0.00499999999576724,-0.004999999999982748,-0.0,0.6545612812042236
88.5,5.000000059016858,-5.231717035354733,0.5208194935950669,5.0,-5.0,-5.0,5.497927923627666,1.9424953291713454e-07,-0.0026135651832029164,-0.004999999999982652,-0.0,0.6545331478118896
88.75,5.000000021106251,-5.186065400454967,0.4947785324031348,5.0,-5.0,-5.0,5.470609372429044,3.999086918126532e-08,-0.004999999930430311,-0.004999999999450071,-0.0,0.6548104286193848
89.0,4.999999979648368,-5.143097034746897,0.46873752746967634,5.0,-5.0,-5.0,5.4436873685946585,-1.1432487519082851e-07,-0.004999999994172213,-0.0049999999999134825,-0.0,0.6543431282043457
89.25,4.999999940085755,-5.103861336353501,0.4426964815069283,5.0,-5.0,-5.0,5.41708556128675,-2.493651077521003e-07,-0.0049999999989236345,-0.004999999999977699,-0.0,0.6548194885253906
89.5,4.999999909035082,-5.06826630073664,0.41665539705869686,5.0,-5.0,-5.0,5.39073597263711,-3.4475350460961424e-07,-0.004999999998857358,-0.004999999999970815,-0.0,0.6549069881439209
89.75,4.9999998914451345,-5.0362222108327135,0.39061427651117997,5.0,-5.0,-5.0,5.364578564659276,-3.8670541098115296e-07,-0.00499999999972043,-0.004999999999991731,-0.0,0.6547880172729492
90.0,4.99999989007576,-5.00764159771651,0.3645731221026428,5.0,-5.0,-5.0,5.338560818498998,-3.701301284526892e-07,-0.004999999999706802,-0.0049999999999904695,-0.0,0.6542484760284424
90.25,4.999999905149653,-4.982439195896025,0.3385319359325646,5.0,-5.0,-5.0,5.312637328232298,-2.9828624136668536e-07,-0.004999999999581183,-0.004999999999985565,-0.0,0.6555459499359131
90.5,4.999999934230123,-4.960531891898578,0.3124907199702569,5.0,-5.0,-5.0,5.286769410872363,-1.8287891996073002e-07,-0.004999999998968437,-0.004999999999963414,-0.0,0.65474534034729
90.75,4.999999972744529,-4.94183866602557,0.28644947606292975,5.0,-5.0,-5.0,5.260924733699603,-4.200808017846419e-08,-0.004999999995967736,-0.004999999999856802,-0.0,0.6546852588653564
91.0,5.000000014727128,-4.926280528373133,0.2604082059432691,5.0,-5.0,-5.0,5.2350769595140205,1.0237439131057652e-07,-0.004999999978065583,-0.004999999999240778,-0.0,0.6540942192077637
91.25,5.000000053717967,-4.913780451252324,0.23436691123657385,5.0,-5.0,-5.0,5.2092054099579315,2.3047188284306547e-07,-0.004999999994774825,-0.00499999999982874,-0.0,0.6547431945800781
91.5,5.000000083724618,-4.904263300836233,0.20832559346746318,5.0,-5.0,-5.0,5.183294746695345,3.2033625596474685e-07,-0.004999999993522601,-0.004999999999805678,-0.0,0.6546087265014648
91.75,5.000000100845218,-4.89765577113421,0.18228425406571158,5.0,-5.0,-5.0,5.157334669981823,3.6084407229602933e-07,-0.004999999999600679,-0.004999999999991354,-0.0,0.6543378829956055
92.0,5.000000102541923,-4.89388632308457,0.1562428943726066,5.0,-5.0,-5.0,5.131319634001506,3.4624848703479483e-07,-0.004999999999620632,-0.004999999999993768,-0.0,0.654355525970459
92.25,5.000000088799803,-4.892885131048181,0.13020151564622082,5.0,-5.0,-5.0,5.105248578290812,2.7993647767118185e-07,-0.004999999998614775,-0.0049999999999776525,-0.0,0.655036211013794
92.5,5.000000061872059,-4.89458403788032,0.1041601190666748,5.0,-5.0,-5.0,5.0791246745665175,1.725642960132348e-07,-0.004999999993324765,-0.00499999999992909,-0.0,0.6549339294433594
92.75,5.0000000260123265,-4.898916518686043,0.0781187057409247,5.0,-5.0,-5.0,5.052955088308544,4.1179473767548325e-08,-0.004999999962424971,-0.004999999999737349,-0.0,0.6550676822662354
93.0,4.999999986722662,-4.905817652180039,0.052077276707307114,5.0,-5.0,-5.0,5.026750754475426,-9.383773841471765e-08,-0.004999999997907895,-0.0049999999999909206,-0.0,0.6544511318206787
93.25,4.999999950013441,-4.915224097619768,0.026035832939800527,5.0,-5.0,-5.0,5.000526166728608,-2.132034667250149e-07,-0.0049999998862144705,-0.004999999999746308,-0.0,0.6545307636260986
93.5,4.9999999215129955,-4.927074074658104,-5.624648110904597e-06,5.0,-5.0,-5.0,4.974299179498914,-2.987760285124222e-07,-0.0049999987113528216,-0.004999999999860644,-0.0,0.6557824611663818
93.75,4.99999990514629,-4.941307342965305,-0.02604709519945642,5.0,-5.0,-5.0,4.948093946636859,-3.3571178931299933e-07,0.0004071624209660875,-0.004999999999927344,-0.0,0.6556503772735596
94.0,4.999999902964496,-4.957499836464148,-0.05208857791049909,5.0,-5.0,-5.0,4.9219452764204075,-3.236059571741848e-07,0.004999998552864254,-0.004999999999961541,-0.0,0.6546018123626709
94.25,4.9999999157635475,-4.972765532952268,-0.07813007202732133,5.0,-5.0,-5.0,4.895851461240478,-2.6654938475347e-07,0.004999877014464987,-0.004999999995793495,-0.0,0.6556305885314941
94.5,4.9999999408421285,-4.984980628031435,-0.1041715768425674,5.0,-5.0,-5.0,4.869790337790279,-1.5973944812383567e-07,0.004999999855962782,-0.00499999999997682,-0.0,0.6563060283660889
94.75,4.9999999727797535,-4.994220579039679,-0.13021309169190304,5.0,-5.0,-5.0,4.843745416280424,-4.2071049989253484e-08,0.004999598864402114,-0.004999999997128142,-0.0,0.6547489166259766
95.0,5.000000009447921,-5.000558813959285,-0.15625461595424395,5.0,-5.0,-5.0,4.817705567660052,8.820064140938749e-08,0.004999032854670109,-0.004999999999754047,-0.0,0.6554372310638428
95.25,5.0000000432193215,-5.004067082315213,-0.1822961490452625,5.0,-5.0,-5.0,4.791664778055083,1.9809062833109348e-07,0.0042812569226213,-0.004999999999987129,-0.0,0.65549635887146
95.5,5.000000070612629,-5.0048637627266634,-0.208337690418303,5.0,-5.0,-5.0,4.765622107718121,2.733889077795315e-07,0.0008396935712833365,-0.004999999999775206,-0.0,0.6544535160064697
95.75,5.000000086632922,-5.003583466776786,-0.23437923955991197,5.0,-5.0,-5.0,4.739579619882424,3.153099719576877e-07,-0.0006370093825345492,-0.004999999999707109,-0.0,0.65494704246521
96.0,5.000000087342598,-5.001985473526771,-0.2604207959883524,5.0,-5.0,-5.0,4.7135377067194595,3.0380506290967474e-07,-0.0009511574267050795,-0.0049999999999167264,-0.0,0.6540999412536621
96.25,5.000000075076779,-5.000788616577105,-0.28646235925180824,5.0,-5.0,-5.0,4.687496072516682,2.3715700577919135e-07,-0.0007576697314474407,-0.004999999997833595,-0.0,0.6540682315826416
96.5,5.000000050908179,-5.000116316168389,-0.3125039289264608,5.0,-5.0,-5.0,4.661454498002572,1.5730521766513933e-07,-0.00044620046179533017,-0.004999999999646044,-0.0,0.654789924621582
96.75,5.000000014644207,-4.999843805505625,-0.33854550461428523,5.0,-5.0,-5.0,4.635412918436758,3.996145268164719e-08,-0.0001951004599711403,-0.004999999999589547,-0.0,0.6552422046661377
97.0,4.999999976966775,-4.999798496780781,-0.36458708594295475,5.0,-5.0,-5.0,4.609371329966932,-7.686961884904864e-08,-4.488941993650072e-05,-0.0049999999996491904,-0.0,0.6547839641571045
97.25,4.999999941677948,-4.999847290851813,-0.39062867256270645,5.0,-5.0,-5.0,4.583329736673672,-1.8143608141504147e-07,2.2057824727787605e-05,-0.004999999999631467,-0.0,0.6551146507263184
97.5,4.9999999142388205,-4.99991334546022,-0.41667026414549346,5.0,-5.0,-5.0,4.557288139757135,-2.446471884572782e-07,3.8637241424915e-05,-0.004999999998936316,-0.0,0.654388427734375
97.75,4.999999899067424,-4.999964189980232,-0.4427118603835589,5.0,-5.0,-5.0,4.5312465390168395,-2.9156142482798797e-07,3.246312920097017e-05,-0.004999999999064035,-0.0,0.654400110244751
98.0,4.999999902940321,-4.9999933296479355,-0.4687534609880711,5.0,-5.0,-5.0,4.505204934314975,-2.8626588666463143e-07,2.0491129984292512e-05,-0.0049999999996828155,-0.0,0.6548018455505371
98.25,4.999999919964186,-5.000005479611108,-0.4947950656883588,5.0,-5.0,-5.0,4.479163325776091,-2.359601903216893e-07,1.0396838931943202e-05,-0.0049999999997721945,-0.0,0.6545746326446533
98.5,4.999999946159244,-5.000007770551399,-0.5208366742306495,5.0,-5.0,-5.0,4.453121713627156,-1.4933486576582805e-07,4.201649986735993e-06,-0.004999999999777109,-0.0,0.6553609371185303
98.75,4.999999977327562,-5.000005900227965,-0.546878286376753,5.0,-5.0,-5.0,4.427080098097952,-4.2041307683413076e-08,1.2316990483599716e-06,-0.004999999999720193,-0.0,0.6549696922302246
99.0,5.000000009356708,-5.000003223638606,-0.5729199019032208,5.0,-5.0,-5.0,4.401038479399719,6.977556393870238e-08,1.6144479041916432e-07,-0.004999999999708275,-0.0,0.6540114879608154
99.25,5.000000037903817,-5.000001194649582,-0.5989615206004438,5.0,-5.0,-5.0,4.3749968577281795,1.687857903902648e-07,-1.6059615276595857e-07,-0.004999999999706648,-0.0,0.6540646553039551
99.5,5.0000000591890394,-5.0000001173863575,-0.6250031422718223,5.0,-5.0,-5.0,4.348955233267057,2.403191253184944e-07,-3.7721284563974056e-07,-0.0049999999996914665,-0.0,0.6548588275909424
99.75,5.0000000703537815,-4.999999789610815,-0.6510447667329485,5.0,-5.0,-5.0,4.322913606189157,2.740055648035866e-07,-7.204630010698362e-07,-0.004999999999678249,-0.0,0.6545858383178711